Word,Probability
gọi,0.0012064343163538875
tài_trợ_vốn,0.0009383378016085791
kỹ_thuật_số,0.0006702412868632708
tổng_cộng,0.0005361930294906167
dẫn_dắt,0.0009383378016085791
hạn_mức,0.0009383378016085791
trị_giá,0.0012064343163538875
một_vài,0.0005361930294906167
sắp,0.0013404825737265416
sáng_lập,0.0008042895442359249
kiêm,0.0008042895442359249
củng_cố,0.0008042895442359249
tư_cách,0.0006702412868632708
siêu,0.0006702412868632708
khắp,0.0009383378016085791
phân_bổ,0.00040214477211796245
cựu,0.0006702412868632708
chọn,0.0008042895442359249
hình_thức,0.0006702412868632708
trọng_yếu,0.0006702412868632708
đầy,0.0008042895442359249
hoá,0.0005361930294906167
hệ,0.0013404825737265416
ngày_một,0.0006702412868632708
lớn_mạnh,0.0008042895442359249
mong_muốn,0.0010723860589812334
bản_địa_hóa,0.00040214477211796245
giờ,0.0018766756032171583
kịp_thời,0.0010723860589812334
phương_pháp,0.0005361930294906167
truyền_thống,0.001742627345844504
khác_biệt,0.0013404825737265416
cửa_hàng,0.0016085790884718498
one,0.00040214477211796245
stop,0.00040214477211796245
shop,0.00040214477211796245
trí_tuệ,0.0020107238605898124
nhân_tạo,0.0006702412868632708
tài_trợ,0.0006702412868632708
kết_hợp,0.0014745308310991957
nhắn_tin,0.00040214477211796245
ví,0.0006702412868632708
vô_vàn,0.00040214477211796245
cơ_hội,0.0014745308310991957
trụ_sở_tại,0.0008042895442359249
dự_định,0.0005361930294906167
hiện_diện,0.0008042895442359249
nơi,0.0010723860589812334
sinh_viên,0.0006702412868632708
giải_quyết,0.00040214477211796245
thường,0.00040214477211796245
điển_hình,0.0005361930294906167
thiếu_hụt,0.00040214477211796245
nhãn_hiệu,0.00040214477211796245
nhãn,0.00040214477211796245
bán_buôn,0.00040214477211796245
rót,0.00040214477211796245
đánh_dấu,0.0009383378016085791
mối,0.0008042895442359249
quan_hệ,0.00040214477211796245
hợp_tác_chiến_lược,0.0009383378016085791
đại_lý,0.0006702412868632708
toàn_quốc,0.0014745308310991957
thỏa_thuận,0.0010723860589812334
hỗ_trợ_giúp,0.00040214477211796245
độ,0.0018766756032171583
phổ_biến,0.0008042895442359249
gian_hàng,0.00040214477211796245
dễ_dàng,0.0010723860589812334
hóa,0.0014745308310991957
đặt_hàng,0.0006702412868632708
theo_dõi,0.0008042895442359249
đơn,0.0006702412868632708
hộ,0.0006702412868632708
chứng_tỏ,0.0008042895442359249
ấn_tượng,0.0020107238605898124
tham_vọng,0.00040214477211796245
start,0.00040214477211796245
up,0.00040214477211796245
quà,0.0005361930294906167
tặng,0.0006702412868632708
hành_trình,0.0014745308310991957
trưởng_thành,0.0009383378016085791
thời_kỳ,0.0021447721179624667
công_cuộc,0.0006702412868632708
đấu_tranh,0.0008042895442359249
thống_nhất,0.0014745308310991957
góp,0.0006702412868632708
sức,0.0018766756032171583
sự_nghiệp,0.0021447721179624667
nguồn_lực,0.0010723860589812334
hội_nhập,0.0013404825737265416
bản_lĩnh,0.0010723860589812334
ngừng,0.0009383378016085791
trui_rèn,0.00040214477211796245
ngày_càng_tỏa,0.00040214477211796245
vững_chắc,0.0014745308310991957
vốn_hóa,0.001742627345844504
thành_tích,0.0021447721179624667
vinh_dự,0.001742627345844504
tặng_thưởng,0.0006702412868632708
danh_hiệu,0.0012064343163538875
cao_quý,0.0006702412868632708
ghi,0.0006702412868632708
son,0.00040214477211796245
chủ_lực,0.0012064343163538875
chủ_đạo,0.0006702412868632708
vững_vàng,0.0005361930294906167
giao,0.0012064343163538875
gương_mẫu,0.00040214477211796245
nghiêm_túc_chấp_hành,0.00040214477211796245
chủ_trương,0.0006702412868632708
khắc_phục,0.0009383378016085791
tháo_gỡ,0.0005361930294906167
bao_cấp,0.00040214477211796245
bứt_phá,0.0006702412868632708
thành_tựu,0.0010723860589812334
hết_sức,0.0005361930294906167
bước,0.0018766756032171583
trực_thuộc,0.0006702412868632708
trao_tặng,0.0008042895442359249
phần_thưởng,0.00040214477211796245
trình,0.0006702412868632708
bền_bỉ,0.00040214477211796245
cống_hiến,0.0006702412868632708
suốt,0.0012064343163538875
to_lớn,0.00040214477211796245
chiều,0.0009383378016085791
dài,0.0008042895442359249
kết_tinh,0.0012064343163538875
tinh_thần,0.0013404825737265416
sáng_tạo,0.0014745308310991957
ý_chí,0.00040214477211796245
quyết_tâm,0.0010723860589812334
khó,0.0006702412868632708
lớp,0.0008042895442359249
thấm_đẫm,0.0006702412868632708
tư_duy,0.00040214477211796245
hành_động,0.001742627345844504
bản_sắc,0.0009383378016085791
vô_giá,0.00040214477211796245
vững,0.0016085790884718498
đón_nhận,0.0008042895442359249
thời_cơ,0.0006702412868632708
kỷ_nguyên,0.00040214477211796245
cách_mạng,0.0009383378016085791
niềm,0.001742627345844504
tươi_sáng,0.00040214477211796245
phía,0.0005361930294906167
quý_báu,0.00040214477211796245
hôm_nay,0.0009383378016085791
thi_đua,0.00040214477211796245
phấn_đấu,0.0014745308310991957
tâm_huyết,0.0006702412868632708
dấu,0.0009383378016085791
khắc_ghi,0.00040214477211796245
rực_rỡ,0.00040214477211796245
thăng_hoa,0.00040214477211796245
ấy,0.00040214477211796245
nửa,0.0008042895442359249
thế_kỷ,0.00040214477211796245
dựng,0.00040214477211796245
xây,0.00040214477211796245
công_sức,0.00040214477211796245
bao,0.0008042895442359249
chứa,0.0006702412868632708
tình_yêu,0.00040214477211796245
vạn,0.00040214477211796245
con_người,0.0008042895442359249
động_lực,0.0008042895442359249
chinh_phục,0.0013404825737265416
đỉnh_cao,0.0008042895442359249
biển,0.0010723860589812334
tư_tưởng,0.00040214477211796245
tình_cảm,0.00040214477211796245
đạo_đức,0.00040214477211796245
phẩm_chất,0.00040214477211796245
tài_năng,0.00040214477211796245
tiến_trình,0.00040214477211796245
tạo_dựng,0.0006702412868632708
chữ,0.00040214477211796245
tin_cậy,0.0005361930294906167
sử,0.0006702412868632708
hào_hùng,0.00040214477211796245
dân_tộc,0.0005361930294906167
sứ_mệnh,0.0006702412868632708
chi_viện,0.00040214477211796245
miền,0.0013404825737265416
chủ_nghĩa,0.0009383378016085791
chuyển,0.0008042895442359249
cổ_phần_hóa,0.00040214477211796245
tiền_lệ,0.0009383378016085791
nhà_nước_lớn,0.00040214477211796245
đáng,0.0009383378016085791
ra_công_chúng,0.00040214477211796245
chuyên_doanh,0.00040214477211796245
đối_ngoại,0.0006702412868632708
chuyển_mình,0.0005361930294906167
thành,0.0010723860589812334
đa_năng,0.00040214477211796245
mạng_lưới,0.0009383378016085791
chuyển_dịch,0.0018766756032171583
đa,0.0008042895442359249
cột,0.0006702412868632708
cộng_đồng,0.001742627345844504
bước_ngoặt,0.00040214477211796245
ký_kết,0.0005361930294906167
liền,0.0018766756032171583
tạp_chí,0.0005361930294906167
tổ_chức_danh_tiếng,0.00040214477211796245
bình_chọn,0.0006702412868632708
tín_nhiệm,0.0013404825737265416
làm_nên,0.00040214477211796245
chuẩn_mực,0.0009383378016085791
công_việc,0.00040214477211796245
chuyên_nghiệp,0.0005361930294906167
trình_bày,0.00040214477211796245
xác_định,0.0008042895442359249
tuân_thủ,0.00040214477211796245
thông_lệ,0.00040214477211796245
tiệm,0.0005361930294906167
cận,0.0005361930294906167
tiêu_chuẩn,0.0012064343163538875
công_nhận,0.0008042895442359249
tài_chính_quốc_tế,0.00040214477211796245
kháng_chiến,0.00040214477211796245
chống,0.0016085790884718498
vận_dụng,0.00040214477211796245
linh_hoạt,0.0010723860589812334
nghiệp_vụ,0.0005361930294906167
ngoại_tệ,0.0006702412868632708
điều_chuyển,0.0005361930294906167
viện_trợ,0.00040214477211796245
chiến_trường,0.00040214477211796245
tái_cơ_cấu,0.0005361930294906167
quyết_liệt,0.0006702412868632708
tổng_thể,0.0010723860589812334
sáng_kiến,0.00040214477211796245
nhận_thức,0.0008042895442359249
mô,0.00040214477211796245
thức,0.00040214477211796245
cam_go,0.00040214477211796245
đòi_hỏi,0.00040214477211796245
tìm_tòi,0.00040214477211796245
học_hỏi,0.00040214477211796245
tồn_tại,0.00040214477211796245
cốt_lõi,0.0010723860589812334
bên,0.0008042895442359249
đồng_chí,0.0008042895442359249
trồng,0.0009383378016085791
cây,0.00040214477211796245
phát_động,0.0006702412868632708
cây_xanh,0.00040214477211796245
xanh,0.0008042895442359249
lấy,0.0006702412868632708
phương_châm,0.00040214477211796245
quan_tâm,0.0009383378016085791
hài,0.00040214477211796245
hòa,0.0006702412868632708
kèm,0.00040214477211796245
nền_móng,0.00040214477211796245
nhảy_vọt,0.00040214477211796245
mười,0.00040214477211796245
dấu_ấn,0.0006702412868632708
ngoạn_mục,0.00040214477211796245
thiết_lập,0.0006702412868632708
tiến,0.0018766756032171583
xếp,0.0008042895442359249
thành_quả,0.0009383378016085791
tự_hào,0.0009383378016085791
phong_tặng,0.00040214477211796245
đức,0.00040214477211796245
gần_gũi,0.00040214477211796245
thông_cảm,0.00040214477211796245
sẻ,0.0009383378016085791
chia,0.0009383378016085791
ý_thức,0.00040214477211796245
sâu_sắc,0.0006702412868632708
thiết_thực,0.0005361930294906167
an_sinh,0.0012064343163538875
gắn,0.0016085790884718498
thịnh_vượng,0.00040214477211796245
đồng_bộ,0.0006702412868632708
xem,0.0006702412868632708
chăm_lo,0.00040214477211796245
đời_sống,0.00040214477211796245
liên_tiếp,0.0012064343163538875
hình_thành,0.0006702412868632708
thăng_trầm,0.00040214477211796245
nhân_tố,0.0005361930294906167
gắn_kết,0.0006702412868632708
khối,0.0006702412868632708
nhân_văn,0.0005361930294906167
vẻ_vang,0.0006702412868632708
ngày_nay,0.00040214477211796245
sếu,0.00040214477211796245
đầu_đàn,0.00040214477211796245
phát_huy,0.0012064343163538875
đường_dẫn_dắt,0.00040214477211796245
thành_phần,0.00040214477211796245
chúc_mừng,0.00040214477211796245
nhân_dịp,0.0006702412868632708
hiện_thực_hóa,0.0006702412868632708
mục_tiêu_đề,0.00040214477211796245
tập_trung_thực_hiện,0.00040214477211796245
đột_phá,0.0008042895442359249
nhân_lực,0.0005361930294906167
hoàn_thiện,0.0008042895442359249
cơ_chế,0.00040214477211796245
sức_mạnh,0.001742627345844504
trọng_tâm,0.0016085790884718498
thực_thi,0.0008042895442359249
tiền_tệ,0.0009383378016085791
ưu_tiên,0.0005361930294906167
ngành_nghề,0.0006702412868632708
miễn_giảm,0.00040214477211796245
tiện_ích,0.0010723860589812334
chuyển_giao,0.00040214477211796245
bắt_buộc,0.00040214477211796245
bao_giờ,0.0008042895442359249
trăm,0.0010723860589812334
coi_trọng,0.00040214477211796245
bồi_dưỡng,0.00040214477211796245
đội_ngũ,0.0013404825737265416
vững_mạnh,0.00040214477211796245
cơ_đồ,0.00040214477211796245
tích_lũy,0.00040214477211796245
tay,0.00040214477211796245
vận_hội,0.00040214477211796245
mơ_ước,0.00040214477211796245
biết_bao,0.00040214477211796245
tăng_tốc,0.0005361930294906167
khát_vọng,0.0013404825737265416
đoàn_kết,0.00040214477211796245
đồng_tâm,0.00040214477211796245
hiệp_lực,0.00040214477211796245
tập_thể,0.00040214477211796245
viết,0.0010723860589812334
tiếp,0.0006702412868632708
trang,0.0008042895442359249
trở_xuống,0.00040214477211796245
chủ_động,0.0013404825737265416
cố_định,0.0006702412868632708
ngắn_hạn,0.0012064343163538875
lưu_động,0.00040214477211796245
lương,0.00040214477211796245
thông_thường,0.0008042895442359249
bây_giờ,0.00040214477211796245
tư_vấn,0.0009383378016085791
đa_dạng,0.0009383378016085791
đặc_quyền,0.0009383378016085791
vượt_trội,0.0012064343163538875
nhanh_chóng,0.0008042895442359249
công_cụ,0.00040214477211796245
ưu_việt,0.0005361930294906167
vô_cùng,0.0006702412868632708
hấp_dẫn,0.0014745308310991957
tận_hưởng,0.0009383378016085791
hình_tượng,0.00040214477211796245
hạc,0.00040214477211796245
giấy,0.0006702412868632708
sang_trọng,0.00040214477211796245
biểu_tượng,0.00040214477211796245
may_mắn,0.0006702412868632708
trường_tồn,0.00040214477211796245
hứa_hẹn,0.0006702412868632708
tích_hợp,0.0010723860589812334
hoàn,0.0006702412868632708
nhà_hàng,0.00040214477211796245
siêu_thị,0.0005361930294906167
chi_tiêu,0.0018766756032171583
phong_phú,0.0005361930294906167
phòng,0.00040214477211796245
chờ,0.0005361930294906167
sân,0.00040214477211796245
golf,0.00040214477211796245
ẩm_thực,0.00040214477211796245
chiết_khấu,0.00040214477211796245
chấp_nhận,0.00040214477211796245
xứng,0.0006702412868632708
bảo_đảm,0.0008042895442359249
đẳng_cấp,0.00040214477211796245
tấm,0.0008042895442359249
tai_nạn,0.00040214477211796245
bồi_thường,0.00040214477211796245
sự_cố,0.0006702412868632708
hàng_loạt,0.0009383378016085791
thường_xuyên,0.0005361930294906167
thường_niên,0.0012064343163538875
phụ,0.00040214477211796245
hạng,0.0016085790884718498
bạch_kim,0.00040214477211796245
ghi_nợ,0.0005361930294906167
xác_nhận,0.00040214477211796245
thay_thế,0.00040214477211796245
tiên_tiến,0.0012064343163538875
đơn_giản,0.00040214477211796245
bảo_mật,0.0010723860589812334
contactless,0.00040214477211796245
tokenization,0.00040214477211796245
chuẩn,0.0008042895442359249
khuyến_mại,0.00040214477211796245
đối_diện,0.00040214477211796245
kéo_dài,0.0008042895442359249
biến_chủng,0.00040214477211796245
nguy_hiểm,0.0005361930294906167
thế,0.0008042895442359249
đề,0.0012064343163538875
chặt_chẽ,0.0006702412868632708
tỉ_lệ,0.0013404825737265416
trích_lập,0.0012064343163538875
sớm,0.0009383378016085791
đô_la,0.0006702412868632708
thị_phần,0.0006702412868632708
cổ_tức,0.0006702412868632708
khép,0.0005361930294906167
thể_hiện,0.0009383378016085791
cam_kết,0.0005361930294906167
ủng_hộ,0.0009383378016085791
phòng_chống,0.0006702412868632708
dịch_bệnh,0.0006702412868632708
loạt,0.0008042895442359249
tri,0.0005361930294906167
ân,0.0005361930294906167
lực_lượng,0.00040214477211796245
tuyến,0.0005361930294906167
dịch,0.0009383378016085791
y,0.00040214477211796245
bác_sĩ,0.00040214477211796245
tối_thiểu,0.0009383378016085791
chi_trả,0.00040214477211796245
thẩm_quyền,0.0005361930294906167
hiện_hành,0.0005361930294906167
cải_thiện,0.0013404825737265416
tỷ_trọng,0.0016085790884718498
phi_tín_dụng,0.00040214477211796245
giữ_chân,0.00040214477211796245
tổ_hợp,0.0008042895442359249
tổng_diện_tích,0.00026809651474530834
ha,0.00026809651474530834
chăn_nuôi,0.0008042895442359249
bò,0.0013404825737265416
thịt,0.0013404825737265416
con,0.0008042895442359249
chế_biến,0.0006702412868632708
mát,0.0006702412868632708
công_suất,0.0005361930294906167
xấp_xỉ,0.0008042895442359249
cụm,0.0005361930294906167
trang_trại,0.0013404825737265416
biên_bản,0.00040214477211796245
ghi_nhớ,0.00040214477211796245
kí_kết,0.00040214477211796245
bản,0.00040214477211796245
chứng_kiến,0.0009383378016085791
xúc_tiến,0.00026809651474530834
lễ,0.00040214477211796245
khởi_công,0.00026809651474530834
ủy,0.00026809651474530834
chính_quyền,0.0009383378016085791
nhất_là,0.0005361930294906167
lan_toả,0.00040214477211796245
rộng,0.0008042895442359249
năng_động,0.0005361930294906167
sức_bật,0.00026809651474530834
sâu,0.0005361930294906167
tuần_hoàn,0.00026809651474530834
thân_thiện,0.00026809651474530834
sự_kiện,0.0010723860589812334
tịch,0.00026809651474530834
trọng_điểm,0.00040214477211796245
ít_nhất,0.00040214477211796245
dư,0.0009383378016085791
địa,0.0009383378016085791
tin_tưởng,0.0008042895442359249
kinh_nghiệm,0.00026809651474530834
am_hiểu,0.00026809651474530834
bổ_trợ,0.00026809651474530834
quy_trình,0.0006702412868632708
khép_kín,0.00026809651474530834
nổi_bật,0.0013404825737265416
tươi,0.00040214477211796245
ngon,0.0005361930294906167
bổ_dưỡng,0.00026809651474530834
bắt_đầu_từ,0.00026809651474530834
tự_nhiên,0.0005361930294906167
đàn,0.00026809651474530834
nuôi,0.00026809651474530834
chế_độ,0.0005361930294906167
chăm_sóc,0.00026809651474530834
sẵn,0.0005361930294906167
nói_riêng,0.0006702412868632708
nói_chung,0.0012064343163538875
để_dành,0.0005361930294906167
phương_thức,0.0009383378016085791
đo_lường,0.0005361930294906167
tổng_hợp,0.00040214477211796245
yếu_tố,0.0005361930294906167
chỉ_số,0.0018766756032171583
mức_độ,0.0013404825737265416
khảo_sát,0.001742627345844504
đồ,0.0013404825737265416
uống,0.0014745308310991957
một_cách,0.0008042895442359249
minh_bạch,0.00040214477211796245
công_bằng,0.00040214477211796245
khách_quan,0.00040214477211796245
lập,0.00040214477211796245
kỉ_lục,0.0005361930294906167
gia_tăng_giá_trị,0.0006702412868632708
nhấn,0.00040214477211796245
bước_tiến,0.0005361930294906167
bảng,0.0018766756032171583
đô,0.0005361930294906167
vị,0.0006702412868632708
góp_mặt,0.0008042895442359249
đại_diện,0.0009383378016085791
nhì,0.00040214477211796245
ý_nghĩa,0.00040214477211796245
chắc_chắn,0.0005361930294906167
đúng_đắn,0.0005361930294906167
kiên_định,0.00040214477211796245
theo_đuổi,0.0005361930294906167
xuất_hiện,0.0010723860589812334
nội_tại,0.00040214477211796245
sức_bền,0.00040214477211796245
vùng,0.0005361930294906167
nhiễu,0.0005361930294906167
động,0.0005361930294906167
cải_tiến,0.0014745308310991957
ngành_hàng,0.0010723860589812334
tương_xứng,0.00040214477211796245
xa,0.0009383378016085791
nhìn_nhận,0.00040214477211796245
khích_lệ,0.00040214477211796245
tự,0.0012064343163538875
chặng,0.0005361930294906167
thế_kỉ,0.00040214477211796245
khá,0.0010723860589812334
non_trẻ,0.00040214477211796245
đem,0.0008042895442359249
thú_vị,0.00040214477211796245
điểm_danh,0.00040214477211796245
chân,0.00040214477211796245
thập_kỉ,0.00040214477211796245
vinh_danh,0.0016085790884718498
lọt,0.0005361930294906167
tiêu_biểu,0.0008042895442359249
cầu,0.00040214477211796245
có_mặt,0.0008042895442359249
bắt_tay,0.00040214477211796245
liên_doanh,0.0006702412868632708
kiềm_chế,0.00040214477211796245
lạm_phát,0.0014745308310991957
địa_chính_trị,0.00040214477211796245
phức_tạp,0.0006702412868632708
bốn,0.0006702412868632708
lý_do,0.0010723860589812334
hồi,0.0012064343163538875
một_chút,0.0005361930294906167
bớt,0.0006702412868632708
nhiên_liệu,0.0006702412868632708
cắt_giảm,0.00040214477211796245
ba,0.0010723860589812334
giá_cả,0.00040214477211796245
hành_chính,0.0006702412868632708
tương_đối,0.0006702412868632708
cuối_cùng,0.0005361930294906167
tỉ_giá,0.00040214477211796245
hối_đoái,0.00040214477211796245
tổng_hòa,0.00040214477211796245
khía_cạnh,0.00040214477211796245
nên_người,0.00040214477211796245
rơi,0.00040214477211796245
hoàn_cảnh,0.00040214477211796245
khắt_khe,0.0005361930294906167
triển_vọng,0.0013404825737265416
mặt_bằng,0.0008042895442359249
sữa_tươi,0.0008042895442359249
kép,0.0005361930294906167
lít,0.00040214477211796245
bột,0.0009383378016085791
sức_khoẻ,0.00040214477211796245
dần,0.0006702412868632708
hạ_nhiệt,0.0005361930294906167
thành_thị,0.0006702412868632708
nông_thôn,0.0006702412868632708
gầy,0.0006702412868632708
tăng_giá,0.0005361930294906167
đảo,0.00040214477211796245
quá_khứ,0.00040214477211796245
chúng_ta,0.0010723860589812334
xu_hướng,0.0009383378016085791
ứng,0.00040214477211796245
đỉnh,0.0012064343163538875
lao,0.00040214477211796245
dốc,0.00040214477211796245
trùng,0.00040214477211796245
khớp,0.00040214477211796245
quanh,0.00040214477211796245
chu_kỳ,0.00040214477211796245
giảm_giá,0.0005361930294906167
tổng_doanh_thu,0.00040214477211796245
kỷ_lục,0.0006702412868632708
cách_ly,0.00026809651474530834
đứt_gãy,0.00026809651474530834
lợi_thế,0.0009383378016085791
trở_lại,0.0006702412868632708
tái,0.00026809651474530834
định_vị,0.00040214477211796245
tái_cấu_trúc,0.00040214477211796245
tối_đa_hóa,0.00026809651474530834
phân_phối,0.0006702412868632708
cân_bằng,0.00026809651474530834
lành_mạnh_hóa,0.00040214477211796245
phủ,0.00026809651474530834
bài_bản,0.00026809651474530834
bám,0.00040214477211796245
sát,0.0005361930294906167
dịch_chuyển,0.00040214477211796245
hiện_đại,0.0009383378016085791
lẻ,0.00026809651474530834
nhận_diện,0.0005361930294906167
tiện_lợi,0.00040214477211796245
mua_sắm,0.00026809651474530834
sôi_nổi,0.00026809651474530834
sữa_chua,0.00040214477211796245
ăn,0.00026809651474530834
phô_mai,0.00026809651474530834
mơ,0.0005361930294906167
trực_tiếp,0.0009383378016085791
đóng,0.00040214477211796245
thu_thập,0.0010723860589812334
thử_nghiệm,0.0009383378016085791
phát,0.0008042895442359249
kiến,0.00026809651474530834
chữ_số,0.00026809651474530834
ăn_uống,0.00040214477211796245
trường_học,0.00040214477211796245
hoàn_toàn,0.0008042895442359249
chi_nhánh,0.0005361930294906167
công_ty_con,0.00040214477211796245
trừ,0.0005361930294906167
lũy,0.0006702412868632708
bất_ổn,0.00026809651474530834
nhịp,0.00026809651474530834
ngoại,0.00026809651474530834
ròng,0.0006702412868632708
tối_ưu_hóa,0.0009383378016085791
số_dư,0.0009383378016085791
tồn_kho,0.0005361930294906167
rút,0.00040214477211796245
ngắn,0.0006702412868632708
quay,0.0006702412868632708
thuần_chủng,0.00026809651474530834
gia_tăng_sản_lượng,0.00026809651474530834
định_giá,0.00026809651474530834
trao,0.0009383378016085791
chứng_nhận,0.00040214477211796245
thực_hành,0.00026809651474530834
năng_lượng,0.0010723860589812334
tái_tạo,0.0010723860589812334
tiết_kiệm,0.0012064343163538875
nguyên,0.0005361930294906167
lâu_dài,0.0005361930294906167
sóng,0.00026809651474530834
hình_ảnh,0.0012064343163538875
qui_mô,0.00026809651474530834
thậm_chí,0.0009383378016085791
thăng_hạng,0.00026809651474530834
mới_đây,0.00040214477211796245
hương_vị,0.00040214477211796245
kiểu,0.00040214477211796245
dạng,0.0008042895442359249
chủng_loại,0.0005361930294906167
ăn_liền,0.0005361930294906167
gà,0.00026809651474530834
sườn,0.00026809651474530834
heo,0.00026809651474530834
tỏi,0.00026809651474530834
phi_sa,0.00026809651474530834
tế,0.00026809651474530834
hành,0.00026809651474530834
tím,0.00026809651474530834
canh,0.00026809651474530834
tôm,0.00026809651474530834
chua_cay,0.00026809651474530834
thân_thuộc,0.00026809651474530834
đối_tượng,0.0008042895442359249
ly,0.00026809651474530834
bận_rộn,0.00026809651474530834
cuộc_sống,0.00026809651474530834
hằng,0.0005361930294906167
học_sinh,0.00026809651474530834
văn_phòng,0.0008042895442359249
khoa_học,0.00040214477211796245
tung,0.00026809651474530834
tô,0.00026809651474530834
đặc_trưng,0.00026809651474530834
gia_vị,0.00026809651474530834
mè,0.00026809651474530834
thơm_lừng,0.00026809651474530834
thật,0.00040214477211796245
rong,0.00026809651474530834
hạt,0.00026809651474530834
bắp,0.00026809651474530834
xơ,0.00026809651474530834
dinh_dưỡng,0.00040214477211796245
cảm_giác,0.00026809651474530834
cải_tiến_công_ty,0.00026809651474530834
hài_lòng,0.00026809651474530834
công_nhân_viên,0.00026809651474530834
vừa_qua,0.0008042895442359249
sản,0.00026809651474530834
phẩn,0.00026809651474530834
thương_trường,0.00026809651474530834
đậm,0.00026809651474530834
lạ,0.00026809651474530834
đặc_tính,0.00026809651474530834
thu_hút,0.0013404825737265416
kiểm_định,0.00026809651474530834
vệ_sinh,0.00026809651474530834
sụt_giảm,0.0005361930294906167
mỳ,0.00026809651474530834
thống_kê,0.0005361930294906167
vị_trí_thức,0.00026809651474530834
ít,0.00040214477211796245
cầu_tiêu_thụ,0.00026809651474530834
đôi,0.0008042895442359249
tỷ_suất,0.0006702412868632708
lãi_gộp,0.0008042895442359249
bình_quân,0.00040214477211796245
tinh,0.0008042895442359249
khởi_sắc,0.0008042895442359249
tỷ_giá,0.0009383378016085791
thuế_đạt,0.0009383378016085791
công_ty_mẹ,0.0008042895442359249
đồng_vốn,0.0005361930294906167
kiểm_toán,0.0005361930294906167
giống,0.00026809651474530834
chủ_yếu,0.0008042895442359249
giá_vốn,0.00026809651474530834
gộp,0.0010723860589812334
chủ_chốt,0.00040214477211796245
địa_bàn,0.0009383378016085791
bộ,0.0010723860589812334
hiện_đại_hóa,0.00040214477211796245
quân_sự,0.0005361930294906167
dân_sự,0.0005361930294906167
thế_mạnh,0.00026809651474530834
vũ_khí,0.00026809651474530834
trang_bị,0.0006702412868632708
kỹ_thuật,0.0008042895442359249
quân_đội,0.00026809651474530834
tác_chiến,0.00026809651474530834
không_gian,0.00040214477211796245
mô_phỏng,0.00026809651474530834
huấn_luyện,0.00026809651474530834
đào_tạo,0.00040214477211796245
làm_chủ,0.00040214477211796245
trạm,0.0012064343163538875
vô_tuyến,0.00026809651474530834
truyền_dẫn,0.00040214477211796245
lõi,0.0005361930294906167
diện,0.00026809651474530834
đầy_đủ,0.0006702412868632708
router,0.00026809651474530834
đắc_lực,0.00026809651474530834
chế_tạo,0.0008042895442359249
pháp_nhân,0.00040214477211796245
sáng_chế,0.00040214477211796245
hữu_ích,0.00026809651474530834
kiểu_dáng,0.00026809651474530834
quốc_phòng,0.0013404825737265416
lưỡng_dụng,0.00026809651474530834
tiềm_lực,0.00040214477211796245
tự_lực,0.00026809651474530834
tự_cường,0.00026809651474530834
khóa,0.0005361930294906167
tiếp_theo,0.0006702412868632708
cụ_thể_hóa,0.00026809651474530834
tinh_gọn,0.00026809651474530834
tiền_đề,0.0005361930294906167
nhân_dân,0.0006702412868632708
chính_quy,0.00026809651474530834
tinh_nhuệ,0.00026809651474530834
công_nghiệp_hóa,0.00026809651474530834
độc_lập,0.00026809651474530834
tự_chủ,0.00026809651474530834
sâu_rộng,0.00026809651474530834
thực_chất,0.00026809651474530834
mũi_nhọn,0.00026809651474530834
đáng_kể,0.0013404825737265416
tức,0.00040214477211796245
cứ,0.00026809651474530834
dương,0.00040214477211796245
tổng_các,0.00026809651474530834
thuế_phí,0.00026809651474530834
phần_lớn,0.00040214477211796245
sàn,0.0005361930294906167
hoạt_động_sản_xuất,0.0006702412868632708
diễn_biến,0.0005361930294906167
tất_cả,0.0005361930294906167
di_động,0.0006702412868632708
trung_bình,0.0013404825737265416
thuê_bao,0.00026809651474530834
đoạt,0.0005361930294906167
truyền_hình,0.00026809651474530834
giáo_dục,0.00026809651474530834
trung_tâm,0.0012064343163538875
logistics,0.00026809651474530834
thích_thú,0.00026809651474530834
đa_nhiệm,0.00040214477211796245
khí_tài,0.00040214477211796245
hạt_nhân,0.00026809651474530834
tiến_độ,0.0005361930294906167
làm_chủ_công_nghệ,0.00040214477211796245
tiêu_chí,0.0005361930294906167
chịu,0.0009383378016085791
nguy_cơ,0.0006702412868632708
khủng_hoảng,0.00040214477211796245
thanh,0.0009383378016085791
giảm_thiểu,0.0008042895442359249
lúc,0.0008042895442359249
mạnh_tay,0.00026809651474530834
liên_bang,0.00026809651474530834
trở_thành_tài_sản,0.00026809651474530834
trú_ẩn,0.00026809651474530834
bất_chấp,0.0005361930294906167
dự_trữ,0.0005361930294906167
thích_ứng,0.00040214477211796245
biến,0.00026809651474530834
nguy,0.00026809651474530834
cơ,0.00026809651474530834
mục,0.00026809651474530834
mục_đích,0.00040214477211796245
sinh,0.0016085790884718498
lời,0.001742627345844504
cáp,0.00026809651474530834
ngầm,0.00026809651474530834
tòa,0.00026809651474530834
thuê,0.00026809651474530834
đòn_bẩy,0.0005361930294906167
hot,0.00026809651474530834
suy_giảm,0.00026809651474530834
nhàn_rỗi,0.00040214477211796245
dao_động,0.00026809651474530834
kết_quả_báo_cáo,0.00026809651474530834
ước_tính,0.0008042895442359249
thuế_ước,0.00026809651474530834
đà,0.0009383378016085791
ngưỡng,0.00026809651474530834
tinh_vi,0.00026809651474530834
lường,0.00026809651474530834
từ_chối,0.00040214477211796245
thiệt_hại,0.00040214477211796245
đồng_nghĩa,0.00026809651474530834
số_lượng,0.0010723860589812334
lỗ_hổng,0.00026809651474530834
càng,0.0006702412868632708
nghẽn,0.0005361930294906167
uplink,0.00026809651474530834
đắt_đỏ,0.00026809651474530834
xa_lạ,0.00026809651474530834
điển_hình_như,0.00026809651474530834
đồng_loạt,0.00026809651474530834
hứng_chịu,0.00026809651474530834
không_thể,0.0008042895442359249
truy_cập,0.0006702412868632708
website,0.0005361930294906167
tê_liệt,0.00026809651474530834
đe_dọa,0.00040214477211796245
tin_tặc,0.00026809651474530834
phạm_vi,0.00026809651474530834
nhắm,0.00040214477211796245
chủ_đích,0.00026809651474530834
cảnh_báo,0.0013404825737265416
thông_suốt,0.00040214477211796245
tiếp_nhận,0.00026809651474530834
chuyên_gia,0.0006702412868632708
phát_hiện,0.0013404825737265416
chặn,0.0008042895442359249
lọc,0.0008042895442359249
tiến_hành,0.00040214477211796245
chính_xác,0.0005361930294906167
bất_thường,0.00040214477211796245
xảy,0.0009383378016085791
đắt,0.00026809651474530834
ngăn_chặn,0.0008042895442359249
băng_thông,0.0006702412868632708
cực,0.00026809651474530834
vài,0.0006702412868632708
ưu_điểm,0.00026809651474530834
thực_tiễn,0.00026809651474530834
tri_thức,0.00026809651474530834
nâng_cấp,0.00026809651474530834
portal,0.00026809651474530834
luồng,0.00026809651474530834
lưu_lượng,0.00040214477211796245
độc_hại,0.00040214477211796245
protocol,0.00026809651474530834
attack,0.00040214477211796245
kể_cả,0.00026809651474530834
multi,0.00026809651474530834
vector,0.00026809651474530834
phút,0.00026809651474530834
lập_tức,0.00040214477211796245
tấn_công_bằng,0.00026809651474530834
đẩy,0.0005361930294906167
traffic,0.00026809651474530834
sạch,0.00040214477211796245
tấn_công_diễn,0.00026809651474530834
tự_động,0.00040214477211796245
danh_tiếng,0.00026809651474530834
súng,0.00026809651474530834
vọt,0.0005361930294906167
rưỡi,0.00026809651474530834
dự_toán,0.00026809651474530834
chi,0.0005361930294906167
túy,0.00026809651474530834
telco,0.00026809651474530834
techco,0.00026809651474530834
bậc,0.00040214477211796245
kiến_tạo,0.00026809651474530834
bạn,0.0010723860589812334
trẻ,0.0013404825737265416
bản_thân,0.0008042895442359249
thử_thách,0.00026809651474530834
nhân_sự,0.00040214477211796245
chức_vụ,0.00026809651474530834
như_vậy,0.0005361930294906167
đám,0.0016085790884718498
mây,0.0016085790884718498
chủ_nhiệm,0.00026809651474530834
điện_toán,0.0012064343163538875
đề_cử,0.00026809651474530834
anh,0.0018766756032171583
rời,0.00040214477211796245
bỏ,0.00040214477211796245
trở,0.0005361930294906167
giấc,0.00026809651474530834
diễn_đàn,0.00040214477211796245
kỹ,0.00026809651474530834
câu_chuyện,0.00040214477211796245
trường,0.00040214477211796245
thời,0.00026809651474530834
sơ_khai,0.00026809651474530834
đất,0.00026809651474530834
diễn,0.0008042895442359249
chàng,0.00026809651474530834
trai_trẻ,0.00026809651474530834
suy_nghĩ,0.00026809651474530834
gì,0.0009383378016085791
thực_tế,0.0005361930294906167
tôi,0.0006702412868632708
đấy,0.00026809651474530834
lớn_lao,0.00040214477211796245
bố_mẹ,0.00026809651474530834
anh_em,0.00026809651474530834
trần_tình,0.00026809651474530834
xứ,0.00026809651474530834
tham_dự,0.00040214477211796245
hội_nghị,0.0006702412868632708
tôn_vinh,0.00026809651474530834
để_ý,0.00026809651474530834
bản_đồ,0.0009383378016085791
ánh_sáng,0.00026809651474530834
nghĩ,0.00040214477211796245
chuyện,0.00040214477211796245
tìm,0.0008042895442359249
bạn_bè,0.00026809651474530834
ngôi,0.00026809651474530834
đầu_quân,0.00026809651474530834
đề_xuất,0.00040214477211796245
hỏi,0.00040214477211796245
thẳng,0.00040214477211796245
ban,0.00026809651474530834
phụ_trách,0.00040214477211796245
cơ_điện,0.00026809651474530834
vậy,0.00040214477211796245
thắp,0.00026809651474530834
tuổi,0.0010723860589812334
yếu,0.00040214477211796245
đích,0.00026809651474530834
đùa,0.00026809651474530834
làm_sao,0.00026809651474530834
đơn_thuần,0.00026809651474530834
quyền_lợi,0.00026809651474530834
thôi,0.00026809651474530834
tuyển_dụng,0.00026809651474530834
học,0.00026809651474530834
hạng_mục,0.0009383378016085791
thuận_lợi,0.0005361930294906167
băn_khoăn,0.00026809651474530834
liệu,0.00026809651474530834
trả_lời,0.00026809651474530834
mãi_mãi,0.00026809651474530834
nghỉ_ngơi,0.00026809651474530834
vinh_quang,0.00026809651474530834
ngủ,0.00026809651474530834
quên,0.00026809651474530834
chiếc,0.0006702412868632708
bóng,0.0005361930294906167
ngọn,0.00026809651474530834
núi,0.00040214477211796245
thôi_thúc,0.00026809651474530834
thanh_niên,0.00026809651474530834
hăng_say,0.00026809651474530834
thức_tỉnh,0.00026809651474530834
đam_mê,0.00026809651474530834
khát_khao,0.00026809651474530834
khám_phá,0.00026809651474530834
ai,0.00026809651474530834
nhút_nhát,0.00026809651474530834
sợ_hãi,0.00026809651474530834
thích,0.0008042895442359249
an_phận,0.00026809651474530834
ưa,0.00026809651474530834
hưởng_thụ,0.00026809651474530834
kiên_cường,0.00026809651474530834
chắp_cánh,0.00026809651474530834
ước_mơ,0.00040214477211796245
hiện_thực,0.00026809651474530834
liên,0.00026809651474530834
thuế_quý,0.00026809651474530834
nhuận,0.00026809651474530834
thập_kỷ,0.00040214477211796245
ban_đầu,0.0005361930294906167
con_số,0.0006702412868632708
dừng,0.0005361930294906167
kim_ngạch,0.0009383378016085791
tổng_kim_ngạch,0.00040214477211796245
cán,0.00026809651474530834
smartphone,0.0018766756032171583
máy_tính,0.00040214477211796245
đeo,0.00040214477211796245
smartwatch,0.00026809651474530834
giờ_đây,0.00026809651474530834
kéo,0.00040214477211796245
sân_chơi,0.00040214477211796245
khánh_thành,0.00040214477211796245
đô_thị,0.00026809651474530834
chuyên_môn,0.00026809651474530834
tăng_cường_lực_lượng,0.00026809651474530834
chứ,0.0005361930294906167
chuẩn_bị,0.0006702412868632708
đại_trà,0.00026809651474530834
bộ_phận,0.00026809651474530834
bán_dẫn,0.00040214477211796245
phần_cứng,0.0006702412868632708
phần_mềm,0.0006702412868632708
dần_dần,0.00026809651474530834
cứ_điểm,0.00026809651474530834
mắt_xích,0.00026809651474530834
lắp_ráp,0.00040214477211796245
laptop,0.00026809651474530834
điện_thoại_di_động,0.00026809651474530834
chíp,0.00026809651474530834
mắt,0.00026809651474530834
thiên,0.00026809651474530834
chất_xám,0.00026809651474530834
cán_cân,0.00026809651474530834
xuất_siêu,0.00026809651474530834
kéo_theo,0.00026809651474530834
vệ_tinh,0.00026809651474530834
bộ_mặt,0.00026809651474530834
phụ_trợ,0.00026809651474530834
mong_chờ,0.00040214477211796245
giới_thiệu,0.00040214477211796245
giới,0.00040214477211796245
chờ_đợi,0.00026809651474530834
màn_hình,0.0018766756032171583
gập,0.0008042895442359249
đồng_hồ,0.00026809651474530834
tai_nghe,0.0014745308310991957
true,0.00040214477211796245
wireless,0.00040214477211796245
tình_trạng,0.0006702412868632708
series,0.00026809651474530834
phản_ánh,0.0008042895442359249
có_lẽ,0.00040214477211796245
thể,0.00040214477211796245
dung_lượng,0.00040214477211796245
pin,0.0013404825737265416
sạc,0.0022788203753351206
thực_sự,0.0005361930294906167
cần_thiết,0.0005361930294906167
di_chuyển,0.0005361930294906167
chơi,0.00040214477211796245
flagship,0.0008042895442359249
thiếu_sót,0.00040214477211796245
kích_thước,0.0005361930294906167
x,0.0008042895442359249
mm,0.00040214477211796245
tần_số,0.00026809651474530834
quét,0.00040214477211796245
viền,0.00026809651474530834
mỏng,0.00026809651474530834
người_yêu,0.00026809651474530834
máy,0.0005361930294906167
giao_diện,0.00026809651474530834
mode,0.00026809651474530834
độc_quyền,0.00026809651474530834
taskbar,0.00026809651474530834
app,0.00026809651474530834
camera,0.002412868632707775
viên,0.0005361930294906167
bản_lề,0.00026809651474530834
hư,0.00026809651474530834
trục_trặc,0.00026809651474530834
lỗi,0.00026809651474530834
đối_thủ,0.00026809651474530834
bỏ_qua,0.00026809651474530834
trông_chờ,0.00026809651474530834
cây_bút,0.00026809651474530834
nhược_điểm,0.00026809651474530834
vết,0.00026809651474530834
hằn,0.00026809651474530834
chỗ,0.00026809651474530834
cái,0.00026809651474530834
thông_số,0.00040214477211796245
nhỏ_bé,0.00026809651474530834
quan_điểm,0.00040214477211796245
ẩn,0.00026809651474530834
nó,0.00026809651474530834
hệ_quả,0.00026809651474530834
chụp,0.0006702412868632708
selfie,0.00026809651474530834
quang_học,0.00026809651474530834
che,0.00026809651474530834
kính,0.00040214477211796245
không_thể_nào,0.00026809651474530834
dường_như,0.00040214477211796245
ý_đồ,0.00026809651474530834
nghiêng,0.00026809651474530834
dễ_chịu,0.00026809651474530834
phụ_nữ,0.00026809651474530834
đợi,0.00026809651474530834
đệm,0.00040214477211796245
phiên_bản,0.0006702412868632708
lượt,0.00026809651474530834
phiên,0.00026809651474530834
sơ_bộ,0.00026809651474530834
khả_quan,0.00040214477211796245
thừa_mứa,0.00026809651474530834
đón_đầu,0.00026809651474530834
suy_yếu,0.00040214477211796245
siết,0.00026809651474530834
chặt,0.00026809651474530834
hầu_bao,0.00026809651474530834
soon,0.00026809651474530834
doanh_số,0.0009383378016085791
mặt_hàng,0.00040214477211796245
máy_chủ,0.0005361930294906167
lưu_trữ,0.00026809651474530834
nỗi,0.00026809651474530834
lo,0.00026809651474530834
suy_thoái,0.00026809651474530834
chiến_tranh,0.00026809651474530834
phong_tỏa,0.00026809651474530834
nghiêm_ngặt,0.00040214477211796245
phòng_dịch,0.00026809651474530834
khổng_lồ,0.0005361930294906167
hợp_đồng,0.00040214477211796245
tương_tự,0.00040214477211796245
ít_nhiều,0.00026809651474530834
trung,0.0006702412868632708
nhận_xét,0.00040214477211796245
dược,0.0005361930294906167
sinh_học,0.00040214477211796245
liên_đoàn,0.00026809651474530834
công_đoàn,0.00026809651474530834
trợ_cấp,0.0010723860589812334
bang,0.0010723860589812334
việc_làm,0.00026809651474530834
câu,0.00026809651474530834
quận,0.00040214477211796245
đổi,0.00026809651474530834
truyền_thông,0.0006702412868632708
trụ_sở,0.00026809651474530834
g,0.00026809651474530834
iảm,0.00026809651474530834
công_khai,0.00040214477211796245
thất_thu,0.00026809651474530834
tương_quan,0.00026809651474530834
biên,0.0008042895442359249
lãi_ròng,0.00026809651474530834
thu_hẹp,0.00040214477211796245
chống_chọi,0.00026809651474530834
chống_đỡ,0.00026809651474530834
đa_dạng_hóa,0.0005361930294906167
đuổi,0.00026809651474530834
trích,0.00040214477211796245
thích_hợp,0.00026809651474530834
quản_lý_tài_sản,0.00026809651474530834
tổng_thu_nhập,0.0006702412868632708
cá_nhân_hóa,0.00026809651474530834
buổi,0.0005361930294906167
gặp_gỡ,0.00026809651474530834
tổng_tiền,0.00026809651474530834
hợp,0.0005361930294906167
thường_trực,0.00026809651474530834
khẩu_vị,0.00026809651474530834
thận_trọng,0.00026809651474530834
đề_cao,0.00026809651474530834
sinh_lợi,0.00026809651474530834
môt,0.00026809651474530834
cấu,0.00026809651474530834
thu_phục_vụ,0.00026809651474530834
nhu_cầu_toàn_diện,0.00026809651474530834
thương,0.0005361930294906167
tổng_dư_nợ,0.00040214477211796245
trái_phiếu,0.0012064343163538875
tổng_huy_động,0.00026809651474530834
giải_thích,0.00026809651474530834
dồi_dào,0.00040214477211796245
tâm_lý,0.00040214477211796245
tiêu_cực,0.0005361930294906167
giới_hạn,0.0009383378016085791
hiệu_lực,0.00040214477211796245
trụ_cột,0.0005361930294906167
phần_trăm,0.00040214477211796245
tiết_giảm,0.00026809651474530834
ngân_hàng_đầu_tư,0.0006702412868632708
thuần_tính,0.00026809651474530834
nghìn_tỷ,0.00026809651474530834
thư_tín_dụng,0.00040214477211796245
sống,0.0006702412868632708
song_hành,0.00026809651474530834
xã_hội_hóa,0.00026809651474530834
thuận_tiện,0.00026809651474530834
khuyến_khích,0.00026809651474530834
săn,0.0005361930294906167
đại,0.0010723860589812334
cát,0.0010723860589812334
khai,0.00026809651474530834
vui,0.00026809651474530834
đón,0.0005361930294906167
đại_lộc,0.00040214477211796245
tổng_trị_giá,0.00026809651474530834
xuân,0.00026809651474530834
hy_vọng,0.00026809651474530834
cảm_hứng,0.00026809651474530834
chủ_nhân,0.00026809651474530834
chính_phủ,0.0012064343163538875
trần,0.00040214477211796245
dựa,0.0005361930294906167
kỹ_lưỡng,0.00040214477211796245
hành_vi,0.00026809651474530834
sao,0.00026809651474530834
giao_dịch_chuyển_khoản,0.00026809651474530834
chi_tiết,0.00040214477211796245
hiện_hữu,0.00040214477211796245
thỏa_mãn,0.00026809651474530834
trúng,0.00026809651474530834
10000đ,0.00026809651474530834
500000đ,0.00026809651474530834
giải,0.0005361930294906167
sửa_đổi,0.00026809651474530834
bao_phủ,0.0005361930294906167
lành_mạnh,0.00026809651474530834
ba3,0.00040214477211796245
ba2,0.0006702412868632708
chủ_đề,0.00040214477211796245
bình_xét,0.00040214477211796245
doanh,0.00026809651474530834
nghiệt,0.00026809651474530834
bao_trùm,0.00026809651474530834
chú_trọng,0.0005361930294906167
nghiêm_trọng,0.0005361930294906167
khôi_phục,0.00026809651474530834
hoành_hành,0.00026809651474530834
khơi,0.00026809651474530834
thông,0.00026809651474530834
đồng_lần_lượt,0.00026809651474530834
chìa,0.00026809651474530834
động_thái,0.00040214477211796245
hữu_hình,0.00040214477211796245
lợi_suất,0.00026809651474530834
ngoại_hối,0.00026809651474530834
chéo,0.00026809651474530834
ví_dụ,0.00026809651474530834
hồi_phục,0.0005361930294906167
vừa_mới,0.00026809651474530834
cổ_phần_lớn,0.00026809651474530834
danh_giá,0.00026809651474530834
yêu,0.00040214477211796245
hội_sở,0.00026809651474530834
khấu_hao,0.00026809651474530834
dẫn,0.00040214477211796245
hoàn_nhập,0.00026809651474530834
riêng_lẻ,0.00026809651474530834
nhích,0.00026809651474530834
môi_giới,0.00026809651474530834
ký_quỹ,0.00026809651474530834
bùng_phát,0.00026809651474530834
gián_đoạn,0.00026809651474530834
lo_lắng,0.00026809651474530834
nhất_định,0.00026809651474530834
biên_giới,0.00040214477211796245
hoạt_động_kinh_tế,0.00026809651474530834
dỡ,0.00026809651474530834
lạc_quan,0.00026809651474530834
lỡ,0.00026809651474530834
hẹn,0.00026809651474530834
livestream,0.0005361930294906167
chốt,0.00040214477211796245
mẫu,0.00040214477211796245
gốc,0.00040214477211796245
thay_vì,0.00026809651474530834
nhập,0.00026809651474530834
hợp_lý,0.0005361930294906167
cấu_hình,0.00040214477211796245
mềm,0.00026809651474530834
rộng_rãi,0.00026809651474530834
inch,0.00026809651474530834
phân_giải,0.0005361930294906167
pixel,0.00026809651474530834
chênh_lệch,0.00026809651474530834
bộ_nhớ,0.0005361930294906167
nhấr,0.00026809651474530834
màu,0.00040214477211796245
trắng,0.00026809651474530834
megapixel,0.00026809651474530834
đêm,0.00026809651474530834
cận_cảnh,0.00026809651474530834
trộm,0.00026809651474530834
diệt,0.00026809651474530834
vi,0.00026809651474530834
nhắn,0.00026809651474530834
rác,0.00026809651474530834
yên_tâm,0.00040214477211796245
công_nghệ_trí_tuệ,0.00026809651474530834
nhiếp_ảnh,0.00026809651474530834
ảnh,0.00026809651474530834
cử_chỉ,0.00040214477211796245
điều_khiển,0.00026809651474530834
ồn,0.00026809651474530834
nghe,0.00040214477211796245
xuyên,0.00026809651474530834
âm,0.0013404825737265416
cuộc_gọi,0.00026809651474530834
khao_khát,0.00040214477211796245
giá_như_vậy,0.00026809651474530834
linh_kiện,0.00026809651474530834
đau,0.00026809651474530834
tai,0.00040214477211796245
âm_thanh,0.0005361930294906167
loa,0.00040214477211796245
chục,0.00026809651474530834
làng,0.00026809651474530834
115tws,0.00026809651474530834
mẫu_mã,0.00026809651474530834
bất_kì,0.00026809651474530834
dễ,0.00026809651474530834
kiểm_chứng,0.00026809651474530834
dây,0.00026809651474530834
cập_nhật,0.0006702412868632708
mới_mẻ,0.00026809651474530834
cho_hay,0.00026809651474530834
củ,0.00026809651474530834
dải,0.00026809651474530834
dải_tần_số,0.00026809651474530834
phân_biệt,0.00026809651474530834
lý_tưởng,0.00026809651474530834
nhạc,0.00026809651474530834
hộp,0.00026809651474530834
âm_thanh_cao_cấp,0.00026809651474530834
cảm_ứng,0.00026809651474530834
toàn_phần,0.00026809651474530834
ký,0.00026809651474530834
tích_hợp_thành_công_trí_tuệ,0.00026809651474530834
server,0.00040214477211796245
truyền,0.00040214477211796245
real,0.00026809651474530834
time,0.00026809651474530834
trễ,0.00026809651474530834
riêng_tư,0.00026809651474530834
khó_tính,0.00026809651474530834
bài,0.0005361930294906167
kiểm_tra,0.00026809651474530834
tương_thích,0.00026809651474530834
video,0.00040214477211796245
gia_nhập,0.00026809651474530834
bài_toán,0.00040214477211796245
trật_tự,0.00026809651474530834
cháy,0.00026809651474530834
rừng,0.00026809651474530834
ký_kết_hợp_tác,0.00026809651474530834
ra_chiều,0.00026809651474530834
lấn_sân,0.00040214477211796245
anten,0.00040214477211796245
phương_tiện,0.00026809651474530834
gia_dụng,0.00026809651474530834
đèn,0.00026809651474530834
quạt_điện_máy,0.00026809651474530834
bình,0.00026809651474530834
nóng,0.00026809651474530834
không_khí,0.00026809651474530834
xu_thế,0.00026809651474530834
chipset,0.00040214477211796245
phổ_thông,0.00026809651474530834
smarthome,0.00026809651474530834
hoàn_chỉnh,0.00026809651474530834
kết_nối,0.0008042895442359249
ngoại_vi,0.00026809651474530834
giải_trí,0.00026809651474530834
infortaiment,0.00026809651474530834
công_cộng,0.00026809651474530834
in,0.0013404825737265416
khuôn_khổ,0.00026809651474530834
xét,0.00026809651474530834
chọn_lọc,0.00026809651474530834
chấm,0.00026809651474530834
đo,0.00040214477211796245
công_tơ,0.0008042895442359249
kỹ_sư,0.00040214477211796245
pha,0.00040214477211796245
biểu,0.00040214477211796245
đo_đếm,0.00026809651474530834
điện_năng,0.00026809651474530834
quy,0.00026809651474530834
lắp_đặt,0.00040214477211796245
mặt_trời,0.00040214477211796245
song_song,0.00026809651474530834
vòi,0.00026809651474530834
module_hóa,0.00026809651474530834
cổng,0.0005361930294906167
trạng_thái,0.00026809651474530834
ngoại_nhập,0.00026809651474530834
ô_nhiễm,0.00026809651474530834
kích_cầu,0.00026809651474530834
dự,0.00026809651474530834
thi,0.00026809651474530834
chung_khảo,0.00026809651474530834
khối_lượng,0.00026809651474530834
số_hóa,0.00026809651474530834
sửa_chữa,0.0005361930294906167
bảo_dưỡng,0.0008042895442359249
dân_cư,0.00026809651474530834
công_quốc_gia,0.00026809651474530834
trọng,0.00026809651474530834
luân_chuyển,0.00026809651474530834
chữ_ký,0.0005361930294906167
trục,0.00026809651474530834
liên_thông,0.00026809651474530834
nhật_ký,0.00040214477211796245
nghiệm_thu,0.00026809651474530834
sổ,0.00026809651474530834
thi_công,0.00026809651474530834
khâu,0.00040214477211796245
đường_dây,0.0005361930294906167
truyền_tải,0.00040214477211796245
lưới_điện,0.00026809651474530834
cao_độ,0.00026809651474530834
quan,0.00026809651474530834
cấp_độ,0.0006702412868632708
mua_bán,0.00026809651474530834
công_nghệ_số,0.00026809651474530834
kiến_trúc,0.00026809651474530834
đông,0.00026809651474530834
khách,0.0005361930294906167
đối_mặt,0.0005361930294906167
khốc_liệt,0.00026809651474530834
bật,0.00026809651474530834
tác_động_kinh_tế,0.00026809651474530834
trở_nên,0.00026809651474530834
kém,0.00026809651474530834
lo_ngại,0.00040214477211796245
tiểu_bang,0.00026809651474530834
cấm,0.0009383378016085791
phạt,0.00026809651474530834
quy_tắc,0.00026809651474530834
kiện,0.00026809651474530834
hủy_bỏ,0.00026809651474530834
lệnh,0.00040214477211796245
phủ_nhận,0.00026809651474530834
tờ,0.00026809651474530834
báo,0.00040214477211796245
trước_đây,0.00026809651474530834
đăng,0.00026809651474530834
người_lớn,0.00026809651474530834
báng_bổ,0.00026809651474530834
điều_tra,0.00026809651474530834
tuổi_trẻ,0.00026809651474530834
sơ_kết,0.00026809651474530834
hướng_dẫn,0.0009383378016085791
địa_chỉ,0.0006702412868632708
botnet,0.00026809651474530834
điều_phối,0.00026809651474530834
trang_web,0.00026809651474530834
blog,0.00026809651474530834
vi_phạm_pháp_luật,0.00040214477211796245
lừa_đảo,0.00040214477211796245
pháp_lý,0.00026809651474530834
mất,0.00026809651474530834
chuyên_trách,0.00026809651474530834
tham_mưu,0.00040214477211796245
đôn_đốc,0.00026809651474530834
quen,0.00026809651474530834
chữ_ký_số,0.00026809651474530834
tổng_sản_phẩm,0.00026809651474530834
nặng_nề,0.00026809651474530834
chồng,0.00026809651474530834
đình_trệ,0.00026809651474530834
đóng_cửa,0.00026809651474530834
mở_cửa,0.00026809651474530834
toàn_cục,0.00026809651474530834
oằn,0.00026809651474530834
đường_bộ,0.00026809651474530834
lữ_hành,0.00026809651474530834
đặc_điểm,0.00026809651474530834
đua,0.00026809651474530834
hồi_sinh,0.00026809651474530834
kỳ_cùng,0.0006702412868632708
nông_lâm_nghiệp,0.00026809651474530834
thủy_sản,0.00026809651474530834
xuất_phát_điểm,0.00040214477211796245
địa_bàn_tính,0.00026809651474530834
tổng_mức,0.00026809651474530834
vĩ_mô,0.00040214477211796245
sở,0.0005361930294906167
tính_năng_động,0.00026809651474530834
chững,0.00026809651474530834
phát_sinh,0.0006702412868632708
trước_mắt,0.00026809651474530834
bị_động,0.00040214477211796245
tuy_nhiên,0.00026809651474530834
lưu_ý,0.00026809651474530834
hấp_thụ,0.00026809651474530834
gợi_ý,0.00026809651474530834
gỡ,0.00026809651474530834
xăng,0.00026809651474530834
dầu,0.00026809651474530834
nghị_quyết,0.00026809651474530834
thay,0.00026809651474530834
lý_giải,0.00026809651474530834
khai_khoáng,0.00026809651474530834
cung_cấp_nước,0.00026809651474530834
rác_thải,0.00026809651474530834
lương_thực,0.00026809651474530834
cơ_khí,0.00026809651474530834
giáp_hạt,0.00026809651474530834
kết_thúc,0.00040214477211796245
chuyển_tiếp,0.00026809651474530834
cửa_khẩu,0.00026809651474530834
chủ_quan,0.00026809651474530834
say_sưa,0.00026809651474530834
nhắn_nhủ,0.00026809651474530834
khẩn_trương,0.00040214477211796245
rà_soát,0.00026809651474530834
phản_ứng,0.00026809651474530834
tránh,0.00026809651474530834
huyện,0.00026809651474530834
đăng_tải,0.00026809651474530834
mời,0.00026809651474530834
độc_giả,0.00026809651474530834
đọc,0.00026809651474530834
https,0.00026809651474530834
postenpphahavn,0.00026809651474530834
tiet,0.00026809651474530834
toa,0.00026809651474530834
soan,0.00026809651474530834
tap,0.00026809651474530834
kinh,0.00026809651474530834
te,0.00026809651474530834
viet,0.00026809651474530834
nam,0.00026809651474530834
tỉnh_thành_phố,0.0005361930294906167
công_nhân,0.0006702412868632708
cải_tạo,0.0006702412868632708
chung_cư,0.0006702412868632708
cũ,0.0006702412868632708
nguyên_tắc,0.00026809651474530834
hưởng,0.00026809651474530834
căn_hộ,0.00026809651474530834
đối,0.00026809651474530834
định_kỳ,0.00040214477211796245
ban_hành,0.00026809651474530834
công_văn,0.00026809651474530834
thẩm_định,0.00026809651474530834
phân_loại,0.00026809651474530834
thanh_tra,0.00026809651474530834
ban_ngành,0.00026809651474530834
cất_cánh,0.0005361930294906167
mở_đầu,0.00026809651474530834
cao_điểm,0.00040214477211796245
hè,0.00040214477211796245
đi_lại,0.00040214477211796245
huỷ,0.0005361930294906167
tỷ_lệ_hủy,0.00026809651474530834
hủy,0.00040214477211796245
thời_tiết,0.00026809651474530834
tàu_bay,0.00040214477211796245
muộn,0.00040214477211796245
thần_kỳ,0.00026809651474530834
hành_khách,0.0005361930294906167
cảng,0.00040214477211796245
đường_bay,0.0005361930294906167
tải,0.00040214477211796245
tần_suất,0.00026809651474530834
khai_trương,0.00026809651474530834
lịch,0.00026809651474530834
máy_bay,0.00026809651474530834
tiếp_viên,0.00026809651474530834
tổ,0.00026809651474530834
lái,0.00026809651474530834
vật_lực,0.00026809651474530834
đội,0.00026809651474530834
tàu,0.00026809651474530834
mặt,0.00026809651474530834
nhà_máy_điện,0.00026809651474530834
tổng_công_suất,0.00026809651474530834
bàn_giao,0.00040214477211796245
căn,0.00026809651474530834
biệt_thự,0.00026809651474530834
đột_biến,0.00026809651474530834
chuyển_nhượng,0.00026809651474530834
khách_sạn,0.00026809651474530834
cân_đối,0.00026809651474530834
kế_toán,0.00026809651474530834
tổng_nợ,0.00026809651474530834
nét,0.00026809651474530834
rõ_rệt,0.00026809651474530834
ngày_trước,0.00026809651474530834
cp,0.00026809651474530834
tạm_thời,0.00026809651474530834
thị_giá,0.00026809651474530834
game,0.00013404825737265417
lưu_chuyển,0.00013404825737265417
hoàn_tất,0.00013404825737265417
chủ_quản,0.00013404825737265417
đáo_hạn,0.00013404825737265417
cáo,0.00013404825737265417
trò_chơi,0.00013404825737265417
biện_pháp_bảo_đảm,0.00013404825737265417
nạp,0.00013404825737265417
kịch_bản,0.00013404825737265417
bản_quyền,0.00013404825737265417
xin,0.00013404825737265417
tựa,0.00013404825737265417
mộng,0.00013404825737265417
ta,0.00013404825737265417
kiếm,0.00013404825737265417
hiệp,0.00013404825737265417
tu,0.00013404825737265417
tiên,0.00013404825737265417
hầu_hết,0.00013404825737265417
bảo_toàn,0.00013404825737265417
tài_nguyên,0.00013404825737265417
đại_hội,0.00013404825737265417
giàu,0.00013404825737265417
thương_vụ,0.00013404825737265417
cổ,0.00013404825737265417
lộ_trình,0.00013404825737265417
thăm_dò,0.00013404825737265417
trợ_lý,0.00013404825737265417
ảo,0.00013404825737265417
thử,0.00013404825737265417
ngang_ngửa,0.00013404825737265417
mấy,0.00013404825737265417
nổi,0.00013404825737265417
hoạt_động_kinh_doanh_thu,0.00013404825737265417
hề,0.00013404825737265417
chức_năng,0.00013404825737265417
bù,0.00013404825737265417
kia,0.00013404825737265417
đồng_thời_giá,0.00013404825737265417
rẻ,0.00013404825737265417
khỏe,0.00013404825737265417
giám_đốc,0.00013404825737265417
giấu,0.00013404825737265417
thị_phần_lớn,0.00013404825737265417
bù_đắp,0.00013404825737265417
marketing,0.00013404825737265417
góc_độ,0.00013404825737265417
premium,0.00013404825737265417
đa_phần,0.00013404825737265417
phụ_thuộc,0.00013404825737265417
chẳng_hạn,0.00013404825737265417
vẻ,0.00013404825737265417
như_không,0.00013404825737265417
bình_luận,0.00013404825737265417
hiển_thị,0.00013404825737265417
tìm_kiếm,0.00013404825737265417
phản_hồi,0.00013404825737265417
hội_thoại,0.00013404825737265417
chat,0.00013404825737265417
danh_bạ,0.00013404825737265417
liên_hệ,0.00013404825737265417
ấn_định,0.00013404825737265417
tập,0.00013404825737265417
trường_hợp,0.00013404825737265417
tính_toán,0.00013404825737265417
chuyên_sâu,0.00013404825737265417
bỏ_mạng,0.00013404825737265417
kho,0.00013404825737265417
tỏ,0.00013404825737265417
bức_xúc,0.00013404825737265417
xứng_đáng,0.00013404825737265417
xóa_app,0.00013404825737265417
thời_đại,0.00013404825737265417
lâu,0.00013404825737265417
rồi,0.00013404825737265417
thụt_lùi,0.00013404825737265417
ngoại_trừ,0.00013404825737265417
ty,0.00013404825737265417
hạ,0.00013404825737265417
xuất_hiện_tại,0.00013404825737265417
lình_xình,0.00013404825737265417
vào_khoảng,0.00013404825737265417
thua_lỗ,0.00013404825737265417
tạm,0.00013404825737265417
giá_trị_số,0.00013404825737265417
startup,0.00013404825737265417
đắt_giá,0.00013404825737265417
giành_giật,0.00013404825737265417
tuyên_bố,0.00013404825737265417
bơm,0.00013404825737265417
điều_hành_kinh_doanh,0.00013404825737265417
từ_nhiệm,0.00013404825737265417
nguyện_vọng,0.00013404825737265417
bổ_nhiệm,0.00013404825737265417
trình_độ,0.00013404825737265417
quốc,0.00013404825737265417
cử_nhân,0.00013404825737265417
thuế_giảm,0.00013404825737265417
giải_trình,0.00013404825737265417
đầu_vào,0.00013404825737265417
chính_trị,0.00013404825737265417
cung,0.00013404825737265417
vật_liệu,0.00013404825737265417
máy_móc,0.00013404825737265417
hội_đồng,0.00013404825737265417
and,0.00013404825737265417
mau,0.00013404825737265417
gian,0.00013404825737265417
báo_chí,0.00013404825737265417
quy_chế,0.00013404825737265417
thu_hồi,0.00013404825737265417
lô,0.00013404825737265417
miến,0.00013404825737265417
chứa_chất,0.00013404825737265417
77g,0.00013404825737265417
hạn,0.00013404825737265417
56g,0.00013404825737265417
hải_sản,0.00013404825737265417
120g,0.00013404825737265417
cấp_tính,0.00013404825737265417
họp_báo,0.00013404825737265417
lên_tiếng,0.00013404825737265417
vụ_việc,0.00013404825737265417
tác_dụng,0.00013404825737265417
tiệt,0.00013404825737265417
vật_tư,0.00013404825737265417
dụng_cụ,0.00013404825737265417
sức_khỏe_diệt,0.00013404825737265417
vi_sinh_vật,0.00013404825737265417
rau,0.00013404825737265417
sấy,0.00013404825737265417
tuyệt_đối,0.00013404825737265417
bất_kỳ,0.00013404825737265417
bảo_quản,0.00013404825737265417
hữu_hiệu,0.00013404825737265417
nhấ,0.00013404825737265417
lằm,0.00013404825737265417
khuẩn,0.00013404825737265417
chấp_thuận,0.00013404825737265417
box1630414172024,0.00013404825737265417
background,0.00013404825737265417
color,0.00013404825737265417
98dd9d,0.00013404825737265417
buôn_bán,0.00013404825737265417
súp,0.00013404825737265417
trái,0.00013404825737265417
dấu_hiệu,0.00013404825737265417
nguồn_gốc,0.00013404825737265417
thùng,0.00013404825737265417
rạch,0.00013404825737265417
dán,0.00013404825737265417
đóng_thùng,0.00013404825737265417
xác_minh,0.00013404825737265417
tiềm_ẩn,0.00013404825737265417
xé,0.00013404825737265417
vắt,0.00013404825737265417
tách,0.00013404825737265417
nhận_biết,0.00013404825737265417
hiện_tượng,0.00013404825737265417
giả_mạo_danh,0.00013404825737265417
khuyến_cáo,0.00013404825737265417
hàng_hoá,0.00013404825737265417
tìm_hiểu,0.00013404825737265417
review,0.00013404825737265417
hiểu_biết,0.00013404825737265417
xuất_xứ,0.00013404825737265417
rõ_ràng,0.00013404825737265417
tổn_hại,0.00013404825737265417
thuần_phong,0.00013404825737265417
mỹ_tục,0.00013404825737265417
nguy_hại,0.00013404825737265417
tính_mạng,0.00013404825737265417
thức_ăn,0.00013404825737265417
hoang_mang,0.00013404825737265417
dư_lượng,0.00013404825737265417
thuốc,0.00013404825737265417
thực_vật,0.00013404825737265417
phối_hợp,0.00013404825737265417
tùy,0.00013404825737265417
tính_chất,0.00013404825737265417
truy_cứu,0.00013404825737265417
hình_sự,0.00013404825737265417
hậu_quả,0.00013404825737265417
sự_thật,0.00013404825737265417
sự_việc,0.00013404825737265417
box1630163815050,0.00013404825737265417
d1faf5,0.00013404825737265417
xử_phạt,0.00013404825737265417
thực_hiện_hành_vi,0.00013404825737265417
phát_thanh_truyền_hình,0.00013404825737265417
xuất_bản,0.00013404825737265417
nhắc_nhở,0.00013404825737265417
chấn_chỉnh,0.00013404825737265417
đình_chỉ,0.00013404825737265417
soát_xét,0.00013404825737265417
niên,0.00013404825737265417
thồng,0.00013404825737265417
bảo_hiểm_thất_nghiệp,0.00013404825737265417
thuỷ_lợi,0.00013404825737265417
tự_nguyện,0.00013404825737265417
thủy,0.00013404825737265417
tầng,0.00013404825737265417
phường,0.00013404825737265417
chây_ì,0.00013404825737265417
nợ_đọng,0.00013404825737265417
chính_đáng,0.00013404825737265417
trưởng,0.00013404825737265417
chủ_tịch,0.00013404825737265417
huyện_thị_xã,0.00013404825737265417
quán_triệt,0.00013404825737265417
kinh_phí,0.00013404825737265417
phân_công,0.00013404825737265417
cử,0.00013404825737265417
chuyên,0.00013404825737265417
quản,0.00013404825737265417
chây,0.00013404825737265417
ỳ,0.00013404825737265417
xuất_phát,0.00013404825737265417
nghiêm,0.00013404825737265417
thụ_hưởng,0.00013404825737265417
ven,0.00013404825737265417
công,0.00013404825737265417
tư,0.00013404825737265417
bãi,0.00013404825737265417
kiến_trúc_sư,0.00013404825737265417
nổi_tiếng,0.00013404825737265417
hubway,0.00013404825737265417
dọc,0.00013404825737265417
bờ,0.00013404825737265417
du_khách,0.00013404825737265417
coffee,0.00013404825737265417
massage,0.00013404825737265417
tắm,0.00013404825737265417
tráng,0.00013404825737265417
vui_chơi,0.00013404825737265417
quảng_trường,0.00013404825737265417
vườn,0.00013404825737265417
trò_chuyện,0.00013404825737265417
hoa,0.00013404825737265417
mùa,0.00013404825737265417
tạo_hình,0.00013404825737265417
điêu_khắc,0.00013404825737265417
trẻ_em,0.00013404825737265417
chấm_dứt,0.00013404825737265417
quyết_toán,0.00013404825737265417
bản_vẽ,0.00013404825737265417
hoàn_thành_phần,0.00013404825737265417
trăng,0.00013404825737265417
ngoài_trời,0.00013404825737265417
góc,0.00013404825737265417
so_sánh,0.00013404825737265417
phi,0.00013404825737265417
gộp_âm,0.00013404825737265417
chủ_trì,0.00013404825737265417
nguyên_trạng,0.00013404825737265417
chức,0.00013404825737265417
chia_tay,0.00013404825737265417
hiểu,0.00013404825737265417
gió,0.00013404825737265417
biến_cố,0.00013404825737265417
cương_vị,0.00013404825737265417
tốt_đẹp,0.00013404825737265417
thư,0.00013404825737265417
đảm_nhiệm,0.00013404825737265417
bầu,0.00013404825737265417
nghĩa_vụ,0.00013404825737265417
đại_chúng,0.00013404825737265417
b,0.00013404825737265417
đ,0.00013404825737265417
o,0.00013404825737265417
lưu,0.00013404825737265417
khởi_tố,0.00013404825737265417
tội_danh,0.00013404825737265417
chiếm_đoạt,0.00013404825737265417
bị_can,0.00013404825737265417
khống,0.00013404825737265417
cố_ý_định_giá,0.00013404825737265417
hợp_lệ,0.00013404825737265417
kết_luận,0.00013404825737265417
cơ_quan_chức_năng,0.00013404825737265417
cưỡng_chế,0.00013404825737265417
thi_hành_quyết_định,0.00013404825737265417
triệu_tập,0.00013404825737265417
họp,0.00013404825737265417
cụ_thể,0.00013404825737265417
miễn_nhiệm,0.00013404825737265417
vi_phạm_quy_định,0.00013404825737265417
c,0.00013404825737265417
hóa_đơn,0.00013404825737265417
yêu_cầu_phong_tỏa,0.00013404825737265417
quv,0.00013404825737265417
định,0.00013404825737265417
thuế_lỗ,0.00013404825737265417
nặng,0.00013404825737265417
đổ_xô,0.00013404825737265417
cảnh,0.00013404825737265417
lệch,0.00013404825737265417
woo,0.00013404825737265417
ghìm,0.00013404825737265417
yong,0.00013404825737265417
cháu,0.00013404825737265417
nội,0.00013404825737265417
nắm_bắt,0.00013404825737265417
kịp,0.00013404825737265417
dây_chuyền,0.00013404825737265417
thứ_tư,0.00013404825737265417
cố_gắng,0.00013404825737265417
thống_trị,0.00013404825737265417
kêu_gọi,0.00013404825737265417
ý_định,0.00013404825737265417
earnings,0.00013404825737265417
guidance,0.00013404825737265417
thỏa_luận,0.00013404825737265417
leo_thang,0.00013404825737265417
buộc,0.00013404825737265417
thắt,0.00013404825737265417
trung_ương,0.00013404825737265417
đòn,0.00013404825737265417
giáng,0.00013404825737265417
yeon,0.00013404825737265417
ảm_đạm,0.00013404825737265417
gánh,0.00013404825737265417
tồi_tệ,0.00013404825737265417
áp_lực,0.00013404825737265417
quan_chức,0.00013404825737265417
thảo_luận,0.00013404825737265417
hôm,0.00013404825737265417
thăm,0.00013404825737265417
đặc_xá,0.00013404825737265417
quyền_lực,0.00013404825737265417
ngồi_tù,0.00013404825737265417
tham_ô,0.00013404825737265417
hối_lộ,0.00013404825737265417
ngang,0.00013404825737265417
hầu_như,0.00013404825737265417
cơn_sốt,0.00013404825737265417
định_hình,0.00013404825737265417
sáp_nhập,0.00013404825737265417
án,0.00013404825737265417
cáo_buộc,0.00013404825737265417
gian_lận,0.00013404825737265417
địa_điểm,0.00013404825737265417
robot,0.00013404825737265417
thiếu,0.00013404825737265417
nếu_như,0.00013404825737265417
thân_cận,0.00013404825737265417
sụt,0.00013404825737265417
quan_ngại,0.00013404825737265417
đầu_cơ,0.00013404825737265417
tụt,0.00013404825737265417
bắt_nguồn,0.00013404825737265417
từ_nhiệm_vụ,0.00013404825737265417
cay_đắng,0.00013404825737265417
thâu_tóm,0.00013404825737265417
vấp,0.00013404825737265417
đế_chế,0.00013404825737265417
do_dự,0.00013404825737265417
triển,0.00013404825737265417
màu_mỡ,0.00013404825737265417
trỗi,0.00013404825737265417
dậy,0.00013404825737265417
tương_tác,0.00013404825737265417
nhân_vật,0.00013404825737265417
kỳ_cựu,0.00013404825737265417
mạo_hiểm,0.00013404825737265417
cố_vấn,0.00013404825737265417
đại_gia,0.00013404825737265417
tiếng,0.00013404825737265417
bảo_thủ,0.00013404825737265417
hòa_nhập,0.00013404825737265417
mẹ,0.00013404825737265417
cách_thức,0.00013404825737265417
bức,0.00013404825737265417
tranh,0.00013404825737265417
nội_bộ,0.00013404825737265417
khuyến_nghị,0.00013404825737265417
phóng,0.00013404825737265417
bancasurrance,0.00013404825737265417
thưởng,0.00013404825737265417
quốc_doanh,0.00013404825737265417
seasalt123,0.00013404825737265417
báo_cáo_lỗi,0.00013404825737265417
đăng_nhập,0.00013404825737265417
sai_sót,0.00013404825737265417
lộ,0.00013404825737265417
thừa_nhận,0.00013404825737265417
vô_tình,0.00013404825737265417
email,0.00013404825737265417
đảm_bảo_an_ninh,0.00013404825737265417
chunxong,0.00013404825737265417
forum,0.00013404825737265417
rao,0.00013404825737265417
hacker,0.00013404825737265417
rò_rỉ,0.00013404825737265417
nghỉ_việc,0.00013404825737265417
phát_tán,0.00013404825737265417
bất_cứ,0.00013404825737265417
vui_lòng,0.00013404825737265417
chúng,0.00013404825737265417
tò_mò,0.00013404825737265417
co,0.00013404825737265417
có_giá,0.00013404825737265417
lợi_dụng,0.00013404825737265417
cài_đặt,0.00013404825737265417
forums,0.00013404825737265417
bất_ngờ,0.00013404825737265417
xâm_nhập,0.00013404825737265417
cắp,0.00013404825737265417
hét,0.00013404825737265417
báo_giá,0.00013404825737265417
đồng_tiền,0.00013404825737265417
module,0.00013404825737265417
phản_đối,0.00013404825737265417
tắt,0.00013404825737265417
đoạn,0.00013404825737265417
mô_tả,0.00013404825737265417
khung_giá,0.00013404825737265417
khung,0.00013404825737265417
dầu_khí,0.00013404825737265417
u_ám,0.00013404825737265417
điện_lực,0.00013404825737265417
nhiệt_điện,0.00013404825737265417
giảm_phát,0.00013404825737265417
thực_trạng,0.00013404825737265417
pha_trộn,0.00013404825737265417
khả_dụng,0.00013404825737265417
nhà_máy_điện_ảnh_hưởng,0.00013404825737265417
khô,0.00013404825737265417
ưu_tiên_cung_cấp,0.00013404825737265417
phát_điện,0.00013404825737265417
gia_hạn,0.00013404825737265417
giấy_phép,0.00013404825737265417
khai_thác_than,0.00013404825737265417
khoáng_sản,0.00013404825737265417
tức_là,0.00013404825737265417
diezen,0.00013404825737265417
sắt,0.00013404825737265417
thép,0.00013404825737265417
phụ_tùng,0.00013404825737265417
bạn_hàng,0.00013404825737265417
đảm_bảo_an_toàn,0.00013404825737265417
lao_động_sản_xuất,0.00013404825737265417
phúc_lợi,0.00013404825737265417
mỏ,0.00013404825737265417
hầm_lò,0.00013404825737265417
hội_trường,0.00013404825737265417
kết_quả_thực_hiện,0.00013404825737265417
trông_đợi,0.00013404825737265417
cử_tri,0.00013404825737265417
tham_nhũng,0.00013404825737265417
bất_cập,0.00013404825737265417
cấp_thiết,0.00013404825737265417
căn_bệnh,0.00013404825737265417
né_tránh,0.00013404825737265417
sợ,0.00013404825737265417
lan,0.00013404825737265417
cản_trở_sự,0.00013404825737265417
đồng_tình,0.00013404825737265417
tại_sao,0.00013404825737265417
nguyên_phát,0.00013404825737265417
điều_trị,0.00013404825737265417
bệnh,0.00013404825737265417
phân_hóa,0.00013404825737265417
phân_định,0.00013404825737265417
như_thế,0.00013404825737265417
phát_biểu,0.00013404825737265417
đoàn,0.00013404825737265417
đùn_đẩy,0.00013404825737265417
sai,0.00013404825737265417
làm_vì,0.00013404825737265417
dám,0.00013404825737265417
một_số_ít,0.00013404825737265417
bản_chất,0.00013404825737265417
thế_nào,0.00013404825737265417
công_chức,0.00013404825737265417
viên_chức,0.00013404825737265417
đồng_nhất,0.00013404825737265417
chồng_chéo,0.00013404825737265417
mâu_thuẫn,0.00013404825737265417
trở_lực,0.00013404825737265417
tắc_nghẽn,0.00013404825737265417
lo_sợ,0.00013404825737265417
quy_phạm_pháp_luật,0.00013404825737265417
luật,0.00013404825737265417
lẽ,0.00013404825737265417
ý_kiến,0.00013404825737265417
tranh_luận,0.00013404825737265417
công_sức_trí_tuệ,0.00013404825737265417
mong,0.00013404825737265417
trình_tự,0.00013404825737265417
thủ_tục,0.00013404825737265417
bắt,0.00013404825737265417
dẫn_chứng,0.00013404825737265417
thể_chế,0.00013404825737265417
phân_cấp,0.00013404825737265417
phân_quyền,0.00013404825737265417
được_việc,0.00013404825737265417
cá_thể_hóa,0.00013404825737265417
hành_lang,0.00013404825737265417
đương_đầu,0.00013404825737265417
vững_tâm,0.00013404825737265417
gỗ,0.00013404825737265417
tròn,0.00013404825737265417
gỗ_xẻ,0.00013404825737265417
m3,0.00013404825737265417
loài,0.00013404825737265417
lim,0.00013404825737265417
sồi,0.00013404825737265417
gõ,0.00013404825737265417
bạch_đàn_hương,0.00013404825737265417
dẻ,0.00013404825737265417
gai,0.00013404825737265417
vân,0.00013404825737265417
sam,0.00013404825737265417
thị,0.00013404825737265417
băng,0.00013404825737265417
gian_lao,0.00013404825737265417
tuy,0.00013404825737265417
áp,0.00013404825737265417
mới_đầu_tư,0.00013404825737265417
phúc_đáp,0.00013404825737265417
hậu,0.00013404825737265417
chứng,0.00013404825737265417
trả_chậm,0.00013404825737265417
sa_thải,0.00013404825737265417
nhân_công,0.00013404825737265417
kiến_nghị,0.00013404825737265417
giãn,0.00013404825737265417
thu_gom,0.00013404825737265417
nông,0.00013404825737265417
ngư_dân,0.00013404825737265417
trữ,0.00013404825737265417
tọa,0.00013404825737265417
đàm,0.00013404825737265417
nhắc,0.00013404825737265417
xã_hội_hóa_hạ_tầng,0.00013404825737265417
bàn_thảo,0.00013404825737265417
nhà_ga,0.00013404825737265417
đề_án,0.00013404825737265417
tiếc,0.00013404825737265417
hồ_hởi,0.00013404825737265417
giãi_bày,0.00013404825737265417
kêu,0.00013404825737265417
ngậm_ngùi,0.00013404825737265417
cơn,0.00013404825737265417
bão,0.00013404825737265417
rút_lui,0.00013404825737265417
thói_quen,0.00013404825737265417
tư_nhân,0.00013404825737265417
phân_kỳ,0.00013404825737265417
vướng,0.00013404825737265417
cầm_chắc,0.00013404825737265417
xã_hội_hoá,0.00013404825737265417
đất_đai,0.00013404825737265417
dân_dụng,0.00013404825737265417
sắp_xếp,0.00013404825737265417
cổ_phần_hoá,0.00013404825737265417
kết_cấu_hạ_tầng,0.00013404825737265417
thí_điểm,0.00013404825737265417
xử_lý_tài_sản,0.00013404825737265417
một_chiều,0.00013404825737265417
tư_nhân_hóa,0.00013404825737265417
láng_giềng,0.00013404825737265417
nhượng,0.00013404825737265417
khái_niệm,0.00013404825737265417
muôn_vàn,0.00013404825737265417
dân_sự_hóa,0.00013404825737265417
xong,0.00013404825737265417
đền_bù,0.00013404825737265417
bày_tỏ,0.00013404825737265417
đường_băng,0.00013404825737265417
lăn,0.00013404825737265417
công_năng,0.00013404825737265417
quen_thuộc,0.00013404825737265417
trống,0.00013404825737265417
cánh,0.00013404825737265417
bướm,0.00013404825737265417
búp_bê,0.00013404825737265417
mặt_nạ,0.00013404825737265417
nhựa,0.00013404825737265417
cá_heo,0.00013404825737265417
đồ_chơi,0.00013404825737265417
bạo_lực,0.00013404825737265417
hại,0.00013404825737265417
nhân_cách,0.00013404825737265417
hình_dáng,0.00013404825737265417
nén,0.00013404825737265417
hơi,0.00013404825737265417
lò,0.00013404825737265417
xo,0.00013404825737265417
bắn,0.00013404825737265417
đạn,0.00013404825737265417
hơi_nước,0.00013404825737265417
phát_quang,0.00013404825737265417
nổ,0.00013404825737265417
lựu_đạn,0.00013404825737265417
bom,0.00013404825737265417
mìn,0.00013404825737265417
bộc_phá,0.00013404825737265417
mác,0.00013404825737265417
lê,0.00013404825737265417
dao_găm,0.00013404825737265417
nỏ,0.00013404825737265417
làm_bằng,0.00013404825737265417
tre,0.00013404825737265417
pháo,0.00013404825737265417
pháo_hoa,0.00013404825737265417
đập,0.00013404825737265417
cháy_bỏng,0.00013404825737265417
phẩm,0.00013404825737265417
ấn_phẩm,0.00013404825737265417
đĩa,0.00013404825737265417
đánh,0.00013404825737265417
giết,0.00013404825737265417
dã_man,0.00013404825737265417
xúc_phạm_nhân_phẩm,0.00013404825737265417
phá_hoại,0.00013404825737265417
thẩm_mỹ,0.00013404825737265417
vi_tính,0.00013404825737265417
kích_động,0.00013404825737265417
mại_dâm,0.00013404825737265417
đồ_dùng,0.00013404825737265417
quốc_kỳ,0.00013404825737265417
lãnh_tụ,0.00013404825737265417
chế_tài,0.00013404825737265417
quyđịnh,0.00013404825737265417
thuốc_nổ,0.00013404825737265417
hình_phạt,0.00013404825737265417
tịch_thu,0.00013404825737265417
tang_vật,0.00013404825737265417
bày,0.00013404825737265417
qltmdt,0.00013404825737265417
moitgovvn,0.00013404825737265417
box1687749033550,0.00013404825737265417
a8bdaa,0.00013404825737265417
khởi_động,0.00013404825737265417
miếng,0.00013404825737265417
tình_thế,0.00013404825737265417
bất_lợi,0.00013404825737265417
10h,0.00013404825737265417
trưa,0.00013404825737265417
oz,0.00013404825737265417
quy_đổi,0.00013404825737265417
hầu_như_không,0.00013404825737265417
niêm_yết_giá,0.00013404825737265417
trơn,0.00013404825737265417
hiệu,0.00013404825737265417
trung_tuần,0.00013404825737265417
tín_hiệu,0.00013404825737265417
kim_loại,0.00013404825737265417
trở_ngại,0.00013404825737265417
kháng_cự,0.00013404825737265417
chảy,0.00013404825737265417
khỏi,0.00013404825737265417
hoán_đổi,0.00013404825737265417
vừa_rồi,0.00013404825737265417
chạm,0.00013404825737265417
đáy,0.00013404825737265417
gia,0.00013404825737265417
thất_nghiệp,0.00013404825737265417
đổ,0.00013404825737265417
hỗ_trợ_giá,0.00013404825737265417
chắc,0.00013404825737265417
đinh,0.00013404825737265417
hiếm,0.00013404825737265417
trồng_trọt,0.00013404825737265417
hội_thảo,0.00013404825737265417
vạn_vật,0.00013404825737265417
canh_tác,0.00013404825737265417
truy_xuất,0.00013404825737265417
biofloc,0.00013404825737265417
thẳng_thắn,0.00013404825737265417
nông_sản,0.00013404825737265417
quản_lý_dịch_bệnh,0.00013404825737265417
cây_trồng,0.00013404825737265417
tưới,0.00013404825737265417
nhỏ_giọt,0.00013404825737265417
phun,0.00013404825737265417
sương,0.00013404825737265417
màng,0.00013404825737265417
lưới,0.00013404825737265417
thu_hoạch,0.00013404825737265417
thủ_công,0.00013404825737265417
công_nghệ_lạc_hậu,0.00013404825737265417
năng_suất,0.00013404825737265417
hạn_hẹp,0.00013404825737265417
giết_mổ,0.00013404825737265417
bước_đầu,0.00013404825737265417
lợi,0.00013404825737265417
đề_tài,0.00013404825737265417
cấu_trúc,0.00013404825737265417
công_nghệ_cao_gắn,0.00013404825737265417
then_chốt,0.00013404825737265417
đầu_tàu,0.00013404825737265417
vì_vậy,0.00013404825737265417
tập_huấn,0.00013404825737265417
trình_diễn,0.00013404825737265417
bảo,0.00013404825737265417
lưu_thông,0.00013404825737265417
hợp_tác_xã,0.00013404825737265417
tổ_hợp_tác,0.00013404825737265417
quảng_bá,0.00013404825737265417
chuyên_dụng,0.00013404825737265417
e34,0.00013404825737265417
ưa_chuộng,0.00013404825737265417
taxi,0.00013404825737265417
tuột_dốc,0.00013404825737265417
khấu_trừ,0.00013404825737265417
sắc,0.00013404825737265417
song,0.00013404825737265417
sức_mua,0.00013404825737265417
giảm_mạnh,0.00013404825737265417
lùi,0.00013404825737265417
lệ_phí,0.00013404825737265417
trước_bạ,0.00013404825737265417
sức_cầu,0.00013404825737265417
trông_mong,0.00013404825737265417
cú,0.00013404825737265417
huých,0.00013404825737265417
tiến_hành_tung,0.00013404825737265417
chiến_dịch,0.00013404825737265417
box1684136763704,0.00013404825737265417
cef2d1,0.00013404825737265417
box1684136919473,0.00013404825737265417
c5ecc8,0.00013404825737265417
box1684137050328,0.00013404825737265417
d6f0d8,0.00013404825737265417
box1684137090505,0.00013404825737265417
d4f7d7,0.00013404825737265417
khả_thi,0.00013404825737265417
mặc_dù,0.00013404825737265417
xem_lại,0.00013404825737265417
chỉnh_sửa,0.00013404825737265417
chất_vấn,0.00013404825737265417
chi_phối,0.00013404825737265417
thường_kỳ,0.00013404825737265417
tiết,0.00013404825737265417
bởi_vậy_việc,0.00013404825737265417
cầu_tiêu_dùng,0.00013404825737265417
công_văn_công_bố,0.00013404825737265417
đầu_ra,0.00013404825737265417
bảo_lãnh,0.00013404825737265417
lan_tỏa,0.00013404825737265417
kỳ_lân,0.00013404825737265417
cân_nhắc,0.00013404825737265417
đề_cập,0.00013404825737265417
ngược,0.00013404825737265417
rỗng,0.00013404825737265417
sponsors,0.00013404825737265417
ngành_dọc,0.00013404825737265417
mệnh_giá,0.00013404825737265417
lưu_hành,0.00013404825737265417
chào_bán,0.00013404825737265417
tương,0.00013404825737265417
tổng_lượng,0.00013404825737265417
coi,0.00013404825737265417
vợ,0.00013404825737265417
quốc_tịch,0.00013404825737265417
tham_chiếu,0.00013404825737265417
hát,0.00013404825737265417
tổng_chi_phí,0.00013404825737265417
chí,0.00013404825737265417
gây_dựng,0.00013404825737265417
kỳ_công_ty,0.00013404825737265417
chế_xuất,0.00013404825737265417
gặp_mặt,0.00013404825737265417
nghỉ_dưỡng,0.00013404825737265417
cao_ốc,0.00013404825737265417
tiểu,0.00013404825737265417
thực,0.00013404825737265417
đa_số,0.00013404825737265417
nhà_đất,0.00013404825737265417
phần_đông,0.00013404825737265417
bình_dân,0.00013404825737265417
lướt_sóng,0.00013404825737265417
thể_nhân,0.00013404825737265417
đồng_bào,0.00013404825737265417
sinh_sống,0.00013404825737265417
thoát,0.00013404825737265417
nghèo,0.00013404825737265417
cảm_ơn,0.00013404825737265417
tri_ân,0.00013404825737265417
thân,0.00013404825737265417
ái,0.00013404825737265417
hiểm_y_tế,0.00013404825737265417
hiểm,0.00013404825737265417
nhân_đạo,0.00013404825737265417
song_phương,0.00013404825737265417
thu_chi,0.00013404825737265417
bề,0.00013404825737265417
tưởng,0.00013404825737265417
tờ_trình,0.00013404825737265417
thuế_còn,0.00013404825737265417
thuơng,0.00013404825737265417
mại,0.00013404825737265417
đồng_ý,0.00013404825737265417
cấu_phần,0.00013404825737265417
bình_quân_số_học,0.00013404825737265417
kề,0.00013404825737265417
đầu_tư_thông_báo,0.00013404825737265417
quán,0.00013404825737265417
quân,0.00013404825737265417
em_trai,0.00013404825737265417
thành_công_ước_tính,0.00013404825737265417
thành_công_quỹ,0.00013404825737265417
hàng_hóa_giảm,0.00013404825737265417
gián_tiếp,0.00013404825737265417
ngược_lại,0.00013404825737265417
thù_lao,0.00013404825737265417
giải_thể,0.00013404825737265417
vối,0.00013404825737265417
thủ,0.00013404825737265417
tịc,0.00013404825737265417
nước_giải_khát,0.00013404825737265417
gas,0.00013404825737265417
kem,0.00013404825737265417
thoả_thuận,0.00013404825737265417
trà,0.00013404825737265417
sữakhông,0.00013404825737265417
đông_lạnh,0.00013404825737265417
tạm_ứng,0.00013404825737265417
nâng_giá,0.00013404825737265417
tổng_lợi_nhuận,0.00013404825737265417
cổ_đông_thiểu_số,0.00013404825737265417
giả_định,0.00013404825737265417
tổng_doanh_số,0.00013404825737265417
biến_động_kinh_tế,0.00013404825737265417
thoại,0.00013404825737265417
phở,0.00013404825737265417
bún,0.00013404825737265417
chiên,0.00013404825737265417
hủ_tiếu,0.00013404825737265417
nước_mắm,0.00013404825737265417
kết,0.00013404825737265417
vực,0.00013404825737265417
xuất,0.00013404825737265417
ống,0.00013404825737265417
sợi,0.00013404825737265417
món,0.00013404825737265417
đóng_hộp,0.00013404825737265417
dầu_mỡ,0.00013404825737265417
chương,0.00013404825737265417
tác,0.00013404825737265417
từ_thiện,0.00013404825737265417
trợ,0.00013404825737265417
đá,0.00013404825737265417
thân_yêu,0.00013404825737265417
chào_mừng,0.00013404825737265417
tường,0.00013404825737265417
lửa,0.00013404825737265417
loại_bỏ,0.00013404825737265417
giải_pháp_bảo_mật,0.00013404825737265417
house,0.00013404825737265417
bước_đi,0.00013404825737265417
quan_trọng_thể_hiện,0.00013404825737265417
shopping,0.00013404825737265417
thuyết_phục,0.00013404825737265417
phòng_ngừa,0.00013404825737265417
ngạc_nhiên,0.00013404825737265417
sống_còn,0.00013404825737265417
tốn_kém,0.00013404825737265417
as,0.00013404825737265417
a,0.00013404825737265417
truy,0.00013404825737265417
lời_giải,0.00013404825737265417
phù_hợp_nhất,0.00013404825737265417
có_hạn,0.00013404825737265417
tự_chủ_động,0.00013404825737265417
data,0.00013404825737265417
liên_lạc,0.00013404825737265417
ứng_cứu,0.00013404825737265417
nhiệm_kỳ,0.00013404825737265417
chuyên_ngành,0.00013404825737265417
kế_nhiệm,0.00013404825737265417
nhiệm_kì,0.00013404825737265417
giám_định,0.00013404825737265417
bộ_máy,0.00013404825737265417
hoạch_định,0.00013404825737265417
cải_tổ,0.00013404825737265417
nữ_tướng,0.00013404825737265417
biểu_quyết,0.00013404825737265417
trái_chủ,0.00013404825737265417
chuyên_gia_tư_vấn,0.00013404825737265417
chuyên_gia_tài_chính,0.00013404825737265417
căn_cứ,0.00013404825737265417
tự_do,0.00013404825737265417
hứa,0.00013404825737265417
đầu_tư_sản_xuất,0.00013404825737265417
hầm,0.00013404825737265417
m2,0.00013404825737265417
diện_tích,0.00013404825737265417
tổng_sản_lượng,0.00013404825737265417
network,0.00013404825737265417
tỷ_phú,0.00013404825737265417
hoàng_kim,0.00013404825737265417
bán_tháo,0.00013404825737265417
kinh_ngạc,0.00013404825737265417
gia_đình,0.00013404825737265417
gia_tộc,0.00013404825737265417
lãnh_thổ,0.00013404825737265417
qua_đời,0.00013404825737265417
di_chúc,0.00013404825737265417
con_trai,0.00013404825737265417
phân_chia,0.00013404825737265417
sản_nghiệp,0.00013404825737265417
doanh_nhân,0.00013404825737265417
xì_gà,0.00013404825737265417
phó_chủ_tịch,0.00013404825737265417
seng,0.00013404825737265417
tiếp_quản,0.00013404825737265417
dời,0.00013404825737265417
tranh_chấp,0.00013404825737265417
trai,0.00013404825737265417
tiền_thân,0.00013404825737265417
đằng,0.00013404825737265417
trở_thành_công_ty,0.00013404825737265417
lụt,0.00013404825737265417
anh_trai,0.00013404825737265417
hạt_giống,0.00013404825737265417
sau_này,0.00013404825737265417
dược_phẩm,0.00013404825737265417
phát_minh,0.00013404825737265417
lực,0.00013404825737265417
có_nghĩa_là,0.00013404825737265417
đỏ,0.00013404825737265417
tiếp_thị,0.00013404825737265417
công_thức,0.00013404825737265417
mở_đường,0.00013404825737265417
thừa_kế,0.00013404825737265417
trang_sức,0.00013404825737265417
yuen,0.00013404825737265417
rể,0.00013404825737265417
làm_chủ_tịch,0.00013404825737265417
kong,0.00013404825737265417
chở,0.00013404825737265417
thích_nghi,0.00013404825737265417
con_gái,0.00013404825737265417
đầu_tiên_ông,0.00013404825737265417
tsai,0.00013404825737265417
anh_em_trai,0.00013404825737265417
lin,0.00013404825737265417
bảo_hiểm_nhân_thọ,0.00013404825737265417
chull,0.00013404825737265417
hoa_quả,0.00013404825737265417
cá,0.00013404825737265417
hee,0.00013404825737265417
nghiệp_đoàn,0.00013404825737265417
viện,0.00013404825737265417
tim,0.00013404825737265417
bê_bối,0.00013404825737265417
phế_truất,0.00013404825737265417
hye,0.00013404825737265417
tha,0.00013404825737265417
ân_xá,0.00013404825737265417
địa_lý,0.00013404825737265417
trở_thành_công_xưởng,0.00013404825737265417
quốc_tế_hóa,0.00013404825737265417
hóa_logistics,0.00013404825737265417
thông_quan,0.00013404825737265417
chứng_từ,0.00013404825737265417
ép_giá,0.00013404825737265417
tiếp_vận,0.00013404825737265417
ký_kết_hợp_đồng,0.00013404825737265417
tài_liệu,0.00013404825737265417
hậu_cần,0.00013404825737265417
đường_biển,0.00013404825737265417
ngoại_giao,0.00013404825737265417
vượt_bậc,0.00013404825737265417
tương_đồng,0.00013404825737265417
lưu_niệm,0.00013404825737265417
nhân_duyên,0.00013404825737265417
sáng_suốt,0.00013404825737265417
hữu_cơ,0.00013404825737265417
quyết_sách,0.00013404825737265417
lắng_nghe,0.00013404825737265417
trao_đổi,0.00013404825737265417
thuế_suất,0.00013404825737265417
kiện_toàn,0.00013404825737265417
nội_địa_hóa,0.00013404825737265417
gia_tăng_sản_xuất,0.00013404825737265417
chân_thành,0.00013404825737265417
nghiêm_túc,0.00013404825737265417
góp_ý,0.00013404825737265417
toàn_cầu_toàn_diện,0.00013404825737265417
kỷ_niệm,0.00013404825737265417
dịp,0.00013404825737265417
đại_học,0.00013404825737265417
góp_phần_lớn,0.00013404825737265417
mong_đợi,0.00013404825737265417
thô,0.00013404825737265417
xung_đột,0.00013404825737265417
làn_sóng,0.00013404825737265417
sụt_giá,0.00013404825737265417
nhiễm_khuẩn,0.00013404825737265417
thở_dài,0.00013404825737265417
trái_ngược,0.00013404825737265417
hiện_hóa,0.00013404825737265417
đóng_gói,0.00013404825737265417
đâu,0.00013404825737265417
thềm,0.00013404825737265417
vè,0.00013404825737265417
nổi_trội,0.00013404825737265417
thời_sự,0.00013404825737265417
thông_điệp,0.00013404825737265417
trước_hết,0.00013404825737265417
chèo,0.00013404825737265417
tín_chấp,0.00013404825737265417
may_đo,0.00013404825737265417
đặc_thù,0.00013404825737265417
đổng,0.00013404825737265417
quản_lý_tài_chính,0.00013404825737265417
nghiêp,0.00013404825737265417
ưu_thế,0.00013404825737265417
vang,0.00013404825737265417
công_nghệ_xuyên,0.00013404825737265417
gắn_bó,0.00013404825737265417
nhất_quán,0.00013404825737265417
nội_tệ,0.00013404825737265417
trung_hạn,0.00013404825737265417
ứng_biến,0.00013404825737265417
tận_dụng,0.00013404825737265417
tổng_số_dư,0.00013404825737265417
đồng_bằng,0.00013404825737265417
hoạt_động_kinh,0.00013404825737265417
kiều_hối,0.00013404825737265417
loại_hình,0.00013404825737265417
cộng,0.00013404825737265417
ngân_hàng_đầu_mối,0.00013404825737265417
thu_xếp,0.00013404825737265417
điều_khoản,0.00013404825737265417
triển_khai_phương_án,0.00013404825737265417
chuyên_biệt,0.00013404825737265417
gia_sản,0.00013404825737265417
hạnh_phúc,0.00013404825737265417
sung_túc,0.00013404825737265417
vững_bền,0.00013404825737265417
tham_gia_bảo_hiểm,0.00013404825737265417
thể_lệ,0.00013404825737265417
riêng_tư_vấn,0.00013404825737265417
tổng_đài,0.00013404825737265417
khám,0.00013404825737265417
tại_gia,0.00013404825737265417
tỉnh_thành,0.00013404825737265417
sức_lực,0.00013404825737265417
âu_lo,0.00013404825737265417
chẩn_đoán,0.00013404825737265417
người_thân,0.00013404825737265417
phức_hợp,0.00013404825737265417
10000m,0.00013404825737265417
4000m2,0.00013404825737265417
mặt_nước,0.00013404825737265417
l,0.00013404825737265417
100ha,0.00013404825737265417
ban_hành_văn_bản,0.00013404825737265417
giải_phóng,0.00013404825737265417
9147ha,0.00013404825737265417
4668ha,0.00013404825737265417
4479ha,0.00013404825737265417
đất_liền,0.00013404825737265417
59546ha,0.00013404825737265417
12866ha,0.00013404825737265417
5932ha,0.00013404825737265417
phát_sinh_phần,0.00013404825737265417
1532ha,0.00013404825737265417
đo_đạc,0.00013404825737265417
thửa,0.00013404825737265417
627ha,0.00013404825737265417
kiểm_đếm,0.00013404825737265417
sinh_hoạt,0.00013404825737265417
phụ_tải,0.00013404825737265417
thủy_điện,0.00013404825737265417
khí,0.00013404825737265417
làm_tình_hình,0.00013404825737265417
thủy_lợi,0.00013404825737265417
gieo_cấy,0.00013404825737265417
lúa,0.00013404825737265417
đổ_ải,0.00013404825737265417
xả,0.00013404825737265417
hồ,0.00013404825737265417
mưa,0.00013404825737265417
truyền_tải_điện,0.00013404825737265417
căng_thẳng,0.00013404825737265417
nghỉ,0.00013404825737265417
triệt_để,0.00013404825737265417
tuabin,0.00013404825737265417
hoàng,0.00013404825737265417
thiện,0.00013404825737265417
tuyên_truyền,0.00013404825737265417
công_sở,0.00013404825737265417
box1680687755913,0.00013404825737265417
92ce97,0.00013404825737265417
kháchkm,0.00013404825737265417
đường_sắt,0.00013404825737265417
tấnkm,0.00013404825737265417
đảm_nhận,0.00013404825737265417
va_chạm,0.00013404825737265417
chết,0.00013404825737265417
bị_thương,0.00013404825737265417
phá_sản,0.00013404825737265417
thắng_lợi,0.00013404825737265417
cấp_bách,0.00013404825737265417
toán,0.00013404825737265417
phiên_họp,0.00013404825737265417
kết_quả_tình_hình,0.00013404825737265417
nước_đại_biểu,0.00013404825737265417
trăn_trở,0.00013404825737265417
kiên_trì,0.00013404825737265417
luân_phiên,0.00013404825737265417
đột_ngột,0.00013404825737265417
dư_thừa,0.00013404825737265417
tài,0.00013404825737265417
miễn,0.00013404825737265417
sát_sao,0.00013404825737265417
kỷ_luật,0.00013404825737265417
kỷ_cương,0.00013404825737265417
hạ_lãi_suất,0.00013404825737265417
đáp_ứng_dụng,0.00013404825737265417
room,0.00013404825737265417
truyền_đạt,0.00013404825737265417
bảo_tồn,0.00013404825737265417
thiên_nhiên,0.00013404825737265417
ghi_danh,0.00013404825737265417
di_sản,0.00013404825737265417
hòn,0.00013404825737265417
danh_lam,0.00013404825737265417
thắng_cảnh,0.00013404825737265417
vịnh,0.00013404825737265417
tiếp_giáp,0.00013404825737265417
cảnh_quan,0.00013404825737265417
quần_đảo,0.00013404825737265417
nối,0.00013404825737265417
quần_thể,0.00013404825737265417
gìn_giữ,0.00013404825737265417
đặc_hữu,0.00013404825737265417
mai,0.00013404825737265417
văn_hoá,0.00013404825737265417
đốc_thúc,0.00013404825737265417
duyệt,0.00013404825737265417
đảo_nợ,0.00013404825737265417
lợi_tức,0.00013404825737265417
soát,0.00013404825737265417
tiêu,0.00013404825737265417
dùngcủa,0.00013404825737265417
bong_bóng,0.00013404825737265417
tội_phạm,0.00013404825737265417
nghiêm_cấm,0.00013404825737265417
hợp_pháp,0.00013404825737265417
chủ_thể,0.00013404825737265417
chứng_minh,0.00013404825737265417
đường_lối,0.00013404825737265417
xâm_phạm,0.00013404825737265417
